wall_time_utc,stage,elapsed_wall_s,launch_alive,driver_alive,rss_kb,missing_core_nodes
2026-08-22T03:17:26.576190+00:00,mapping,0.0,1,1,1354804,
2026-08-22T03:17:39.806423+00:00,history_exploration,0.0,1,1,1362284,
2026-08-22T03:18:10.136168+00:00,history_exploration,30.3,1,1,1369948,
2026-08-22T03:18:40.469511+00:00,history_exploration,60.7,1,1,1377036,
2026-08-22T03:19:10.776790+00:00,history_exploration,91.0,1,1,1381036,
2026-08-22T03:19:40.082266+00:00,history_exploration,120.3,1,1,1386964,
2026-08-22T03:20:10.369365+00:00,history_exploration,150.6,1,1,1391824,
2026-08-22T03:20:40.674836+00:00,history_exploration,180.9,1,1,1396148,
2026-08-22T03:21:09.981884+00:00,history_exploration,210.2,1,1,1400168,
2026-08-22T03:21:40.317574+00:00,history_exploration,240.5,1,1,1408688,
2026-08-22T03:22:10.617675+00:00,history_exploration,270.8,1,1,1413628,
2026-08-22T03:22:39.909839+00:00,history_exploration,300.1,1,1,1416932,
2026-08-22T03:23:10.205544+00:00,history_exploration,330.4,1,1,1419924,
2026-08-22T03:23:40.531146+00:00,history_exploration,360.7,1,1,1421328,
2026-08-22T03:24:09.842544+00:00,history_exploration,390.1,1,1,1426188,
2026-08-22T03:24:40.142762+00:00,history_exploration,420.4,1,1,1428340,
2026-08-22T03:25:10.437118+00:00,history_exploration,450.7,1,1,1430080,
2026-08-22T03:25:40.745851+00:00,history_exploration,481.0,1,1,1433012,
2026-08-22T03:26:10.044909+00:00,history_exploration,510.3,1,1,1437556,
2026-08-22T03:26:40.368787+00:00,history_exploration,540.6,1,1,1442424,
2026-08-22T03:27:10.659844+00:00,history_exploration,570.9,1,1,1449576,
2026-08-22T03:27:39.993273+00:00,history_exploration,600.2,1,1,1450728,
2026-08-22T03:28:10.336817+00:00,history_exploration,630.5,1,1,1451628,
2026-08-22T03:28:40.637585+00:00,history_exploration,660.9,1,1,1454496,
2026-08-22T03:29:09.925766+00:00,history_exploration,690.2,1,1,1458188,
2026-08-22T03:29:40.222462+00:00,history_exploration,720.5,1,1,1462276,
2026-08-22T03:30:10.514378+00:00,history_exploration,750.7,1,1,1466292,
2026-08-22T03:30:39.830396+00:00,history_exploration,780.0,1,1,1470832,
2026-08-22T03:31:10.166756+00:00,history_exploration,810.4,1,1,1473320,
2026-08-22T03:31:40.474456+00:00,history_exploration,840.7,1,1,1474960,
2026-08-22T03:32:09.761082+00:00,history_exploration,870.0,1,1,1476288,
2026-08-22T03:32:40.057219+00:00,history_exploration,900.3,1,1,1477856,
2026-08-22T03:33:10.420684+00:00,history_exploration,930.6,1,1,1478600,
2026-08-22T03:33:40.766463+00:00,history_exploration,960.9,1,1,1478912,
2026-08-22T03:34:10.052340+00:00,history_exploration,990.3,1,1,1480412,
2026-08-22T03:34:25.351811+00:00,positive_revisit,0.0,1,1,1482596,
2026-08-22T03:34:55.643933+00:00,positive_revisit,30.3,1,1,1490900,
2026-08-22T03:35:25.976379+00:00,positive_revisit,60.6,1,1,1490936,
2026-08-22T03:35:56.311238+00:00,positive_revisit,90.9,1,1,1491236,
2026-08-22T03:36:25.643247+00:00,positive_revisit,120.3,1,1,1491264,
2026-08-22T03:36:55.963341+00:00,positive_revisit,150.6,1,1,1491264,
2026-08-22T03:37:26.270595+00:00,positive_revisit,180.9,1,1,1491576,
2026-08-22T03:37:55.611179+00:00,positive_revisit,210.2,1,1,1491620,
2026-08-22T03:38:25.947216+00:00,positive_revisit,240.6,1,1,1491652,
2026-08-22T03:38:56.241891+00:00,positive_revisit,270.9,1,1,1491944,
2026-08-22T03:39:25.538257+00:00,positive_revisit,300.2,1,1,1491976,
2026-08-22T03:39:55.868084+00:00,positive_revisit,330.5,1,1,1492012,
2026-08-22T03:40:26.176246+00:00,positive_revisit,360.8,1,1,1492044,
2026-08-22T03:40:55.468337+00:00,positive_revisit,390.1,1,1,1492340,
2026-08-22T03:41:25.807696+00:00,positive_revisit,420.4,1,1,1492388,
