map,seed,condition,method,loop_id,loop_vertex,target_attributable,active_loop_distance_m,active_loop_time_s,local_boundary_f1,local_symmetric_boundary_distance_mean_m,local_observed_coverage
map3,21001,A,Original,3,8,False,13.239097907262243,31.100000000000136,0.041666666666666664,1.9620203174959068,0.9944651821341228
map3,21001,B,Always-Trace,3,8,False,15.3654119249546,41.200000000000045,0.23140495867768596,0.7570496895472126,0.9967820826361179
map3,21001,C,Selective,3,8,False,30.706277057401714,101.90000000000009,0.3571014492753623,0.43478984338895355,0.9921482816321276
map3,21001,A,Original,2,11,False,26.197814460598025,96.10000000000002,,,1.0
map3,21001,B,Always-Trace,2,11,False,46.70663747690476,172.0,,,1.0
map3,21001,C,Selective,2,11,False,26.99802034161808,97.29999999999995,,,1.0
map3,21001,A,Original,1,15,False,16.52612578488274,50.10000000000002,0.0,,1.0
map3,21001,B,Always-Trace,1,15,False,36.27732699563707,100.10000000000002,1.0,0.0,1.0
map3,21001,C,Selective,1,15,False,15.112147051265506,44.0,1.0,0.0,1.0
map3,21001,A,Original,4,26,False,10.808915031713127,47.600000000000136,0.0,,1.0
map3,21001,B,Always-Trace,4,26,False,47.33410115797466,137.10000000000014,,,1.0
map3,21001,C,Selective,4,26,False,28.386955975669746,83.70000000000005,,,1.0
map3,21002,A,Original,1,8,False,13.673120151144282,33.0,1.0,0.0,0.9648603423864075
map3,21002,B,Always-Trace,1,8,False,13.341922349442742,35.099999999999966,0.0,0.9296258583420758,0.9921482816321276
map3,21002,C,Selective,1,8,False,28.263384370567586,88.40000000000003,0.0,1.2043485667547118,0.9944651821341228
map3,21002,A,Original,3,16,False,28.126745828531078,68.09999999999991,,,1.0
map3,21002,B,Always-Trace,3,16,False,42.80448416734826,138.0,,,1.0
map3,21002,C,Selective,3,16,False,18.15539450281601,66.09999999999991,,,1.0
map3,21002,A,Original,2,38,False,16.199302501804862,65.90000000000009,,,1.0
map3,21002,B,Always-Trace,2,38,False,56.383629812140946,174.39999999999998,,,1.0
map3,21002,C,Selective,2,38,False,20.446260783375234,85.0,,,1.0
map3,21003,A,Original,3,8,False,18.45453794729327,48.899999999999864,0.3469557964970809,0.4243797889117217,0.9976830994980049
map3,21003,B,Always-Trace,3,8,False,21.23282615055648,55.799999999999955,0.03529411764705883,1.7397130794740758,0.9944651821341228
map3,21003,C,Selective,3,8,False,33.364683861739636,102.19999999999982,0.09708737864077671,0.3494875105533627,0.9857124469043635
map3,21003,A,Original,1,15,False,16.567595101870946,50.0,1.0,0.021428571428571432,0.9997444742557813
map3,21003,B,Always-Trace,1,15,False,29.967324890382997,86.09999999999997,0.0,,1.0
map3,21003,C,Selective,1,15,False,15.829240108848735,49.89999999999998,0.0,,1.0
map3,21003,A,Original,4,21,False,24.05043651846124,97.0,,,1.0
map3,21003,B,Always-Trace,4,21,False,30.713976765803157,122.20000000000005,,,1.0
map3,21003,C,Selective,4,21,True,28.309135250093174,68.60000000000014,,,1.0
map3,21003,A,Original,2,37,False,38.26511360696746,115.10000000000002,,,1.0
map3,21003,B,Always-Trace,2,37,False,61.32563396791261,223.19999999999993,,,1.0
map3,21003,C,Selective,2,37,False,33.66578634311746,136.20000000000005,,,1.0
map3,21004,A,Original,5,8,False,11.383496644919548,39.0,0.5134493670886076,0.846705591387859,0.9670485261938473
map3,21004,B,Always-Trace,5,8,False,29.569602813142254,59.299999999999955,0.620459599703484,0.27384886716489787,0.9720684772815034
map3,21004,C,Selective,5,8,False,61.36219661342164,186.4000000000001,0.8059701492537313,0.24006404740299553,0.9770884283691594
map3,21004,A,Original,1,15,False,20.672913628372964,61.89999999999998,0.0,0.9,1.0
map3,21004,B,Always-Trace,1,15,False,34.78439199612545,100.10000000000002,1.0,0.0071428571428571435,0.9998722371278906
map3,21004,C,Selective,1,15,False,16.95664295673767,45.0,0.0,,1.0
map3,21004,A,Original,4,22,False,20.4019758610485,45.80000000000018,0.0,1.27768248591384,0.9335548172757475
map3,21004,B,Always-Trace,4,22,False,38.467953014057535,129.10000000000014,0.0,,1.0
map3,21004,C,Selective,4,22,False,31.290137844066404,116.79999999999995,0.0,,1.0
map3,21004,A,Original,2,26,False,25.188076126300583,49.90000000000009,0.0,,1.0
map3,21004,B,Always-Trace,2,26,False,58.19697770926874,174.5,,,1.0
map3,21004,C,Selective,2,26,False,25.050578923688885,76.10000000000002,,,1.0
map3,21004,A,Original,3,35,False,28.435795906295684,66.69999999999982,,,1.0
map3,21004,B,Always-Trace,3,35,False,53.24855405697942,186.39999999999986,,,1.0
map3,21004,C,Selective,3,35,False,21.520913847804906,60.0,,,1.0
map3,21005,A,Original,5,8,False,36.28512698654732,80.09999999999991,0.6837606837606837,0.17727272727272725,0.9648603423864075
map3,21005,B,Always-Trace,5,8,False,44.413534384332905,120.89999999999964,0.025316455696202535,1.1031325166504937,0.9944651821341228
map3,21005,C,Selective,5,8,False,6.812839525026501,11.700000000000045,0.7493495229835212,0.5277854533900335,0.9750289612562749
map3,21005,A,Original,1,15,False,16.723169014430876,52.0,0.0,,1.0
map3,21005,B,Always-Trace,1,15,False,38.279939379694895,121.19999999999999,0.0,,1.0
map3,21005,C,Selective,1,15,False,17.03719407512928,49.89999999999998,0.0,,1.0
map3,21005,A,Original,4,22,False,19.29255062919259,65.29999999999995,0.0,0.684213821697635,0.9666496294403271
map3,21005,B,Always-Trace,4,22,False,68.91697181009663,491.29999999999995,0.45508982035928147,0.42180460248634716,0.9945054945054945
map3,21005,C,Selective,4,22,False,30.71156177501979,91.0,0.0,0.7021760034291044,0.9685663174035267
map3,21005,A,Original,2,26,False,24.82886774462149,56.19999999999993,0.0,,1.0
map3,21005,B,Always-Trace,2,26,False,50.84093993402386,168.30000000000007,,,1.0
map3,21005,C,Selective,2,26,False,16.18499579038335,24.100000000000023,,,1.0
map3,21005,A,Original,3,35,False,19.013164230016024,66.90000000000009,,,1.0
map3,21005,B,Always-Trace,3,35,False,49.53660608931101,184.29999999999995,,,1.0
map3,21005,C,Selective,3,35,False,18.474077730666547,59.09999999999991,,,1.0
map8,21001,A,Original,1,20,False,19.63812180009681,40.10000000000002,0.9753086419753086,0.1049895085667537,0.9160432252701579
map8,21001,B,Always-Trace,1,20,False,17.462434822090387,50.0,0.7973468430135919,0.10658571585196246,0.915544472152951
map8,21001,C,Selective,1,20,False,14.81165495129235,26.199999999999932,0.7392405063291139,0.15077264183194933,0.9192019950124688
map8,21001,A,Original,3,35,False,27.066673209625954,67.79999999999995,0.4984293193717277,0.2374235449286199,0.9958121202167843
map8,21001,B,Always-Trace,3,35,True,26.157123895450233,100.5,0.653959190528172,0.17102712471444514,0.984972901954344
map8,21001,C,Selective,3,35,False,31.740425705764864,78.5,0.2015959680806384,0.2604465158867393,0.987682706519954
map8,21001,A,Original,2,38,True,18.99754170990611,40.200000000000045,0.8950829325743449,0.1218605334983629,0.9322216691554671
map8,21001,B,Always-Trace,2,38,False,46.49870359713343,130.79999999999995,0.8739946380697051,0.1567156254745291,0.9307283889165422
map8,21001,C,Selective,2,38,True,26.702236974738316,70.0,0.7205264119904954,0.15656084914839175,0.9341297494607599
map8,21002,A,Original,1,20,False,13.548323164890952,28.100000000000023,0.6674365775346778,0.13247938430985576,0.9118038237738986
map8,21002,B,Always-Trace,1,20,False,27.65511696211763,70.10000000000002,0.9672457095018836,0.10619940459396882,0.9160432252701579
map8,21002,C,Selective,1,20,False,10.36364719440585,14.199999999999932,0.5556262180736485,0.35449310898424113,0.9107231920199501
map8,21002,A,Original,3,35,False,40.541971636651546,88.19999999999982,0.5600773490375319,0.1966986413881089,0.9824273279684678
map8,21002,B,Always-Trace,3,35,True,62.16659798153297,208.60000000000014,0.5520581113801453,0.1895409058851738,0.9872721300706192
map8,21002,C,Selective,3,35,True,12.217095896286013,38.299999999999955,0.3873943120676403,0.19199724587308373,0.9867794383314173
map8,21002,A,Original,2,38,False,26.799790237915023,50.19999999999982,0.9509594882729211,0.11049645761603615,0.9326364692218351
map8,21002,B,Always-Trace,2,38,False,60.30881252047607,163.5999999999999,0.9526184538653367,0.11182712713614423,0.9351252696200432
map8,21002,C,Selective,2,38,False,30.316262300360375,85.29999999999995,0.8406737753052079,0.15728036785544536,0.9303965488634478
map8,21003,A,Original,1,20,False,15.119273863896185,31.799999999999955,0.9753086419753086,0.08623005013661522,0.9189526184538653
map8,21003,B,Always-Trace,1,20,False,23.55654407329962,60.299999999999955,0.7955505952380951,0.1678048706479594,0.9241064006650042
map8,21003,C,Selective,1,20,False,10.733800502477472,15.0,0.8111589139279844,0.11512585106930857,0.9132169576059851
map8,21003,A,Original,3,35,False,18.81122382578702,57.90000000000009,0.2672955974842767,0.24289565187071757,0.987682706519954
map8,21003,B,Always-Trace,3,35,False,50.78992956334457,132.0,0.6454993188724719,0.18879718310424726,0.9922811627525046
map8,21003,C,Selective,3,35,False,19.411141888565705,48.0,0.1651959054006354,0.2855177248955661,0.9888323205780917
map8,21003,A,Original,2,38,True,23.307458313005174,47.5,0.8035702245297013,0.13927169698739147,0.930147668823627
map8,21003,B,Always-Trace,2,38,False,50.186317506940966,139.19999999999982,0.7632212471849034,0.17376594645393934,0.9331342293014767
map8,21003,C,Selective,2,38,True,25.431154424048387,52.40000000000009,0.867122059778073,0.15901720276781328,0.928903268624523
map8,21004,A,Original,1,20,False,15.773712090390383,30.199999999999932,0.9692489186000787,0.10547813263069777,0.9160432252701579
map8,21004,B,Always-Trace,1,20,False,25.835352090446463,61.299999999999955,0.8982300884955753,0.1459227008121176,0.9084788029925187
map8,21004,C,Selective,1,20,False,11.405363389157037,16.100000000000023,0.8375214826513075,0.11198380906202698,0.9199501246882793
map8,21004,A,Original,3,35,True,30.165704627423942,69.79999999999995,0.7168882323978335,0.18696690273995734,0.9860404007226146
map8,21004,B,Always-Trace,3,35,True,21.760520079978573,88.0,0.18770388958594728,0.2492714941339536,0.9812777139103301
map8,21004,C,Selective,3,35,False,24.17269381497982,62.69999999999982,0.4479038645363922,0.4564010538971598,0.9988503859418624
map8,21004,A,Original,2,38,True,23.341362892236507,44.0,1.0,0.1154201335709018,0.9308113489298159
map8,21004,B,Always-Trace,2,38,True,24.770467937696303,94.40000000000009,0.8280064829821717,0.14946255793287816,0.9342956694873071
map8,21004,C,Selective,2,38,False,38.53202941563552,114.39999999999998,0.8517288532916586,0.12315414922812257,0.9329683092749295
map8,21005,A,Original,1,20,False,14.375879322119179,34.10000000000002,0.9244769990566561,0.11308625286503479,0.9179551122194514
map8,21005,B,Always-Trace,1,20,False,24.013667174870367,55.0,0.8363903414470133,0.10527002107905395,0.912718204488778
map8,21005,C,Selective,1,20,False,8.9273712708103,12.299999999999955,0.8542519326966803,0.08299189661417632,0.9236076475477972
map8,21005,A,Original,3,35,False,33.89467820559149,73.0,0.19836639439906653,0.2647453283955584,0.984726556084743
map8,21005,B,Always-Trace,3,35,True,25.436968145787088,97.0,0.6262626262626263,0.1645126733044931,0.9868615536212842
map8,21005,C,Selective,3,35,False,28.559698563558097,73.09999999999991,0.5713417413766905,0.22977644106663903,0.9894071276071604
map8,21005,A,Original,2,38,True,22.740656144703493,47.200000000000045,0.8359999999999999,0.13994730012779072,0.9337149493943919
map8,21005,B,Always-Trace,2,38,False,46.19510980175187,120.29999999999995,1.0,0.09616888251636968,0.9338808694209391
map8,21005,C,Selective,2,38,True,25.301504616111234,34.299999999999955,0.7303010890454835,0.15398807947795545,0.9321387091421934
radish_mexico,21001,A,Original,2,41,False,,,0.0,2.1507926509013267,0.9608954558481674
radish_mexico,21001,B,Always-Trace,2,41,False,,,0.0,2.2761053233958197,0.9635703595197911
radish_mexico,21001,C,Selective,2,41,False,,,0.0,2.072106432000135,0.9556411807789065
radish_mexico,21001,A,Original,5,58,False,,,0.014837295565671892,1.6978389799722262,0.9699729342461392
radish_mexico,21001,B,Always-Trace,5,58,False,,,0.0,1.8193437807675519,0.9779334500875657
radish_mexico,21001,C,Selective,5,58,False,,,0.0016273393002441008,1.7246044536530087,0.9627129437987582
radish_mexico,21001,A,Original,1,59,False,,,0.13689752936411503,1.0587203209192497,0.9698137239293106
radish_mexico,21001,B,Always-Trace,1,59,False,,,0.16725199355451803,0.9034866565039794,0.9400413946823755
radish_mexico,21001,C,Selective,1,59,False,,,0.12391202397322884,1.0948164386406964,0.9554529533513771
radish_mexico,21001,A,Original,10,64,False,,,0.09669609079445146,1.615143189684083,0.8653484891903079
radish_mexico,21001,B,Always-Trace,10,64,False,,,0.09335142845272881,1.492480345388504,0.8170471550928137
radish_mexico,21001,C,Selective,10,64,False,,,0.08577670781091273,1.6244197496325647,0.8204221988728627
radish_mexico,21001,A,Original,11,65,False,,,0.23585134398253482,0.6287092085675186,0.7377806081834103
radish_mexico,21001,B,Always-Trace,11,65,False,,,0.2121071660331881,0.9216150486922547,0.6177997134214297
radish_mexico,21001,C,Selective,11,65,False,,,0.17897631630714472,0.8179293490898638,0.5787295016717083
radish_mexico,21001,A,Original,4,69,False,,,0.0,1.5007811148170145,0.9840481421339192
radish_mexico,21001,B,Always-Trace,4,69,False,,,0.0,1.480662613006238,0.9809596586748177
radish_mexico,21001,C,Selective,4,69,False,,,0.0,1.4941770484326775,0.9776164549304295
radish_mexico,21001,A,Original,3,82,False,,,0.0,,1.0
radish_mexico,21001,B,Always-Trace,3,82,False,,,0.0,,1.0
radish_mexico,21001,C,Selective,3,82,False,,,0.0,,1.0
radish_mexico,21001,A,Original,7,87,False,,,0.000859106529209622,1.7774532725197778,0.9844948899996816
radish_mexico,21001,B,Always-Trace,7,87,False,,,0.002611818478615736,1.557952349232611,0.9737654812314942
radish_mexico,21001,C,Selective,7,87,False,,,0.0,1.7295182383540042,0.9794963227100513
radish_mexico,21001,A,Original,9,100,False,,,0.17537865846714495,1.070841457922332,0.8966439533847036
radish_mexico,21001,B,Always-Trace,9,100,False,,,0.12241411111434701,1.2007303738691764,0.8493918359549131
radish_mexico,21001,C,Selective,9,100,False,,,0.1435845828720942,1.1459360691722669,0.8516207094185825
radish_mexico,21001,A,Original,8,106,False,,,0.12034041356027571,1.4893712212465937,0.9587021588231548
radish_mexico,21001,B,Always-Trace,8,106,False,,,0.08906496580746975,1.5400534962588879,0.9471120168120741
radish_mexico,21001,C,Selective,8,106,False,,,0.09581233577476231,1.5014069228493376,0.9523021078774756
radish_mexico,21001,A,Original,6,166,False,,,0.0,1.596768420928292,0.9921034197287143
radish_mexico,21001,B,Always-Trace,6,166,False,,,0.0,1.423683559458547,0.9642743424823282
radish_mexico,21001,C,Selective,6,166,False,,,0.0,1.5912427100916422,0.9915939629370184
radish_mexico,21002,A,Original,2,41,False,,,0.0,2.186303690079714,0.9561506862401682
radish_mexico,21002,B,Always-Trace,2,41,False,,,0.0,2.207540606338446,0.9549724548610006
radish_mexico,21002,C,Selective,2,41,False,,,0.0,2.1793707744040285,0.9526478361939942
radish_mexico,21002,A,Original,5,58,False,,,0.0,1.8077195208068353,0.9716924056678873
radish_mexico,21002,B,Always-Trace,5,58,False,,,0.0,1.8006136063743448,0.9712784588441331
radish_mexico,21002,C,Selective,5,58,False,,,0.0,1.799817500229623,0.40082789364750837
radish_mexico,21002,A,Original,1,59,False,,,0.11016766820608528,0.9553697947881459,0.9215729979302659
radish_mexico,21002,B,Always-Trace,1,59,False,,,0.15970675626891784,0.9224015988940952,0.9376213978665817
radish_mexico,21002,C,Selective,1,59,False,,,0.032367080774905986,1.1654124587678893,0.7661837287056201
radish_mexico,21002,A,Original,10,64,False,,,0.09995615957913197,1.5155561174312941,0.848218550004776
radish_mexico,21002,B,Always-Trace,10,64,False,,,0.09091729052042934,1.5379473539334727,0.8160282739516668
radish_mexico,21002,C,Selective,10,64,False,,,0.09983201343892488,1.4829254204154085,0.8036425000796001
radish_mexico,21002,A,Original,11,65,False,,,0.25266637527833896,0.8108616445593106,0.7596242636522846
radish_mexico,21002,B,Always-Trace,11,65,False,,,0.20843379551401298,0.9097837373082056,0.6168762935838242
radish_mexico,21002,C,Selective,11,65,False,,,0.04482061814688442,1.4851251748303007,0.20566788727909568
radish_mexico,21002,A,Original,4,69,False,,,0.0,1.4442313597773655,0.9760881332187092
radish_mexico,21002,B,Always-Trace,4,69,False,,,0.0,1.4710485125987989,0.9788263762855415
radish_mexico,21002,C,Selective,4,69,False,,,0.0,1.5135382350066067,0.8276498869678734
radish_mexico,21002,A,Original,3,82,False,,,0.0,,1.0
radish_mexico,21002,B,Always-Trace,3,82,False,,,0.0,,1.0
radish_mexico,21002,C,Selective,3,82,False,,,0.0,,1.0
radish_mexico,21002,A,Original,7,87,False,,,0.0008960573476702509,1.499467036028463,0.9784456684389825
radish_mexico,21002,B,Always-Trace,7,87,False,,,0.0008514261387824606,1.552047365070035,0.9745932694450635
radish_mexico,21002,C,Selective,7,87,False,,,0.0,1.7848653666404775,0.46859180489668567
radish_mexico,21002,A,Original,9,100,False,,,0.07814411644759545,1.202700539900435,0.9047952620518372
radish_mexico,21002,B,Always-Trace,9,100,False,,,0.06765189765700345,1.3026688333650536,0.8443291090874355
radish_mexico,21002,C,Selective,9,100,False,,,0.10070943096690976,1.2237678794386362,0.8245558173597402
radish_mexico,21002,A,Original,8,106,False,,,0.08526764566556135,1.6632660142817177,0.996306438260205
radish_mexico,21002,B,Always-Trace,8,106,False,,,0.10546924195413486,1.485857359540523,0.9488632745335286
radish_mexico,21002,C,Selective,8,106,False,,,0.07423880959120131,1.5785908974157692,0.915971470419665
radish_mexico,21002,A,Original,6,166,False,,,0.0,1.4456295007858362,0.9871362160096797
radish_mexico,21002,B,Always-Trace,6,166,False,,,0.0,1.401603504889528,0.9755460739985989
radish_mexico,21002,C,Selective,6,166,False,,,0.0,,0.0
radish_mexico,21003,A,Original,2,41,False,,,0.0,2.237517673081012,0.9567875680667453
radish_mexico,21003,B,Always-Trace,2,41,False,,,0.0,2.0902586566709993,0.9558322453268796
radish_mexico,21003,C,Selective,2,41,False,,,0.0,2.219456681950323,0.9575518262586377
radish_mexico,21003,A,Original,5,58,False,,,0.0,1.8139882701217687,0.9741124024836809
radish_mexico,21003,B,Always-Trace,5,58,False,,,0.05276766902892166,1.7090732332304341,0.9877089635408375
radish_mexico,21003,C,Selective,5,58,False,,,0.0,1.800768164048224,0.9745581913708008
radish_mexico,21003,A,Original,1,59,False,,,0.18559231956111777,0.8570901275381264,0.9362840312052221
radish_mexico,21003,B,Always-Trace,1,59,False,,,0.12405897114178169,1.1010308067096863,0.9676484636204427
radish_mexico,21003,C,Selective,1,59,False,,,0.1691852241194067,0.9116708833950451,0.9372392931061932
radish_mexico,21003,A,Original,10,64,False,,,0.10149704418832134,1.541922407963546,0.8306428503199924
radish_mexico,21003,B,Always-Trace,10,64,False,,,0.1018478954361607,1.6578335574316316,0.8375839780940555
radish_mexico,21003,C,Selective,10,64,False,,,0.09126076521248058,1.5297553065900478,0.8142452319546598
radish_mexico,21003,A,Original,11,65,False,,,0.24742637878217685,0.759464654908846,0.6326381149498488
radish_mexico,21003,B,Always-Trace,11,65,False,,,0.3315433640627613,0.6299319883142636,0.559910842222576
radish_mexico,21003,C,Selective,11,65,False,,,0.33131819981405614,0.639096898049717,0.9041553892692247
radish_mexico,21003,A,Original,4,69,False,,,0.0,1.4571303641538063,0.98407998216958
radish_mexico,21003,B,Always-Trace,4,69,False,,,0.0,1.4874260560482342,0.9814054191740694
radish_mexico,21003,C,Selective,4,69,False,,,0.0,1.4694940639330245,0.9807367784251918
radish_mexico,21003,A,Original,3,82,False,,,0.0,,1.0
radish_mexico,21003,B,Always-Trace,3,82,False,,,0.0,,1.0
radish_mexico,21003,C,Selective,3,82,False,,,0.0,,1.0
radish_mexico,21003,A,Original,7,87,False,,,0.0028555111364934323,1.4776527578008536,0.9819160113343309
radish_mexico,21003,B,Always-Trace,7,87,False,,,0.0,1.8200504732041103,0.9925180680696616
radish_mexico,21003,C,Selective,7,87,False,,,0.0,1.5500266332398989,0.9742430513547072
radish_mexico,21003,A,Original,9,100,False,,,0.12425249169435217,1.1310116556051366,0.8599312233331211
radish_mexico,21003,B,Always-Trace,9,100,False,,,0.1382943694435298,1.1872016719242453,0.8432465134050818
radish_mexico,21003,C,Selective,9,100,False,,,0.09296342095815548,1.1940578443907737,0.856651595236579
radish_mexico,21003,A,Original,8,106,False,,,0.09684779065977557,1.5217690223974996,0.9531299751639815
radish_mexico,21003,B,Always-Trace,8,106,False,,,0.13033514752219996,1.5097336067505003,0.9499777112653633
radish_mexico,21003,C,Selective,8,106,False,,,0.10310721283941401,1.5227791566824542,0.9507100554034261
radish_mexico,21003,A,Original,6,166,False,,,0.0,1.3579418364035758,0.9805132777176335
radish_mexico,21003,B,Always-Trace,6,166,False,,,0.0,1.5928795471602328,0.9998726358020761
radish_mexico,21003,C,Selective,6,166,False,,,0.0,1.4455079019637302,0.9639559319875183
radish_mexico,21004,A,Original,2,41,False,,,0.0,2.211369764818944,0.9568831003407318
radish_mexico,21004,B,Always-Trace,2,41,False,,,0.0,2.185849501707629,0.9625831926885966
radish_mexico,21004,C,Selective,2,41,False,,,0.0,2.794840721178966,1.0
radish_mexico,21004,A,Original,5,58,False,,,0.0,1.8291671252628232,0.9711510905906703
radish_mexico,21004,B,Always-Trace,5,58,False,,,0.0,1.8073883972165397,0.9727431937589556
radish_mexico,21004,C,Selective,5,58,False,,,0.08629640739287939,1.3611192828412757,0.9978984238178634
radish_mexico,21004,A,Original,1,59,False,,,0.1705352913311227,0.9046085819953178,0.9409648145199809
radish_mexico,21004,B,Always-Trace,1,59,False,,,0.1646066302409195,0.9240986042129302,0.9410921827734438
radish_mexico,21004,C,Selective,1,59,False,,,0.18902443069126318,0.8788995989293178,1.0
radish_mexico,21004,A,Original,10,64,False,,,0.08471706520124758,1.5597664137499627,0.8140541917406947
radish_mexico,21004,B,Always-Trace,10,64,False,,,0.09127789046653145,1.548355648052139,0.8159645938803451
radish_mexico,21004,C,Selective,10,64,False,,,0.09902351808554533,1.4300665391817848,0.9061355748718438
radish_mexico,21004,A,Original,11,65,False,,,0.22314528593508498,0.9219805246231402,0.7024040757841108
radish_mexico,21004,B,Always-Trace,11,65,False,,,0.20689655172413793,0.9213816888280077,0.6040439420474447
radish_mexico,21004,C,Selective,11,65,False,,,0.20645544086969514,0.9403235102823762,0.614742875338322
radish_mexico,21004,A,Original,4,69,False,,,0.0,1.4777734116699723,0.9781258955010029
radish_mexico,21004,B,Always-Trace,4,69,False,,,0.0,1.460516548373358,0.9809914987104785
radish_mexico,21004,C,Selective,4,69,False,,,0.0,1.4193662663445434,1.0
radish_mexico,21004,A,Original,3,82,False,,,0.0,,1.0
radish_mexico,21004,B,Always-Trace,3,82,False,,,0.0,,1.0
radish_mexico,21004,C,Selective,3,82,False,,,0.0,,1.0
radish_mexico,21004,A,Original,7,87,False,,,0.0,1.5687359875374791,0.9737018052150658
radish_mexico,21004,B,Always-Trace,7,87,False,,,0.0,1.5260500303815387,0.979146104619695
radish_mexico,21004,C,Selective,7,87,False,,,0.09979241177500438,1.2968690339577873,1.0
radish_mexico,21004,A,Original,9,100,False,,,0.08543096872616324,1.240829109339313,0.8578615551168567
radish_mexico,21004,B,Always-Trace,9,100,False,,,0.07883193538365951,1.2756417553431871,0.8467490288479909
radish_mexico,21004,C,Selective,9,100,False,,,0.0,1.9103242213217828,1.0
radish_mexico,21004,A,Original,8,106,False,,,0.09995831210338599,1.5217079856366125,0.9694007514487678
radish_mexico,21004,B,Always-Trace,8,106,False,,,0.09153956392670692,1.4955568060093787,0.9504553270075782
radish_mexico,21004,C,Selective,8,106,False,,,0.0,3.65047424309866,1.0
radish_mexico,21004,A,Original,6,166,False,,,0.0,1.3961246793392088,0.9866267592179838
radish_mexico,21004,B,Always-Trace,6,166,False,,,0.0,1.4139505514670614,0.9737629752276635
radish_mexico,21004,C,Selective,6,166,False,,,0.02826267664172901,1.253352187686727,0.9320193593580844
radish_mexico,21005,A,Original,2,41,False,,,0.0,2.195937228119438,0.9568194121580741
radish_mexico,21005,B,Always-Trace,2,41,False,,,0.0,2.2375072503132056,0.9544947934910677
radish_mexico,21005,C,Selective,2,41,False,,,0.0,2.367409774070581,0.9569786326147184
radish_mexico,21005,A,Original,5,58,False,,,0.0,1.7907109708324587,0.9988536857188346
radish_mexico,21005,B,Always-Trace,5,58,False,,,0.0,1.8110274799282007,0.9707371437669161
radish_mexico,21005,C,Selective,5,58,False,,,0.0,1.8477021665420812,0.9772010826301545
radish_mexico,21005,A,Original,1,59,False,,,0.1602398267917615,0.9108409940268443,0.9607068938067187
radish_mexico,21005,B,Always-Trace,1,59,False,,,0.1872102339734068,0.8618699653134925,0.9321127209043146
radish_mexico,21005,C,Selective,1,59,False,,,0.21674038515569186,0.815079223930764,0.9269543066390702
radish_mexico,21005,A,Original,11,65,False,,,0.18865604929842603,0.8277771252376884,0.6383060022289444
radish_mexico,21005,B,Always-Trace,11,65,False,,,0.2087391081496668,0.9437199950155267,0.6242636522846681
radish_mexico,21005,C,Selective,11,65,False,,,0.2025114407247349,0.921782390125987,0.6142334023244707
radish_mexico,21005,A,Original,4,69,False,,,0.0,1.4916269285821064,0.9870411054860382
radish_mexico,21005,B,Always-Trace,4,69,False,,,0.0,1.4525280731728953,0.9766930938962651
radish_mexico,21005,C,Selective,4,69,False,,,0.0,1.4530300289444238,0.982105899958608
radish_mexico,21005,A,Original,3,82,False,,,0.0,,1.0
radish_mexico,21005,B,Always-Trace,3,82,False,,,0.0,,1.0
radish_mexico,21005,C,Selective,3,82,False,,,0.0,,1.0
radish_mexico,21005,A,Original,7,87,False,,,0.0013845621322256835,1.5976339570435258,0.9974529593428635
radish_mexico,21005,B,Always-Trace,7,87,False,,,0.0025421035907213217,1.471493265260353,0.9756120857079181
radish_mexico,21005,C,Selective,7,87,False,,,0.005321722302854378,1.4369435931310655,0.9753573816422044
radish_mexico,21005,A,Original,9,100,False,,,0.1917115198082885,1.0757449023107861,0.8480545118767114
radish_mexico,21005,B,Always-Trace,9,100,False,,,0.10494183302038204,1.232424716618356,0.8448704069286124
radish_mexico,21005,C,Selective,9,100,False,,,0.11216566005176877,1.1744442361016558,0.8585620582054384
radish_mexico,21005,A,Original,8,106,False,,,0.12033439075893589,1.4876320009298198,0.9559319875183087
radish_mexico,21005,B,Always-Trace,8,106,False,,,0.10878295791863105,1.5128782032858146,0.9487359103356047
radish_mexico,21005,C,Selective,8,106,False,,,0.11241483724451173,1.4913970145650906,0.9574921989428772
radish_mexico,21005,A,Original,10,153,False,,,0.08861108980750057,1.4371872615368098,0.896650534895568
radish_mexico,21005,B,Always-Trace,10,153,False,,,0.0797025259648673,1.4403254791301696,0.8998344370860927
radish_mexico,21005,C,Selective,10,153,False,,,0.07776697680877658,1.474824604238345,0.9103413143148242
radish_mexico,21005,A,Original,6,166,False,,,0.0,1.4476479403784284,1.0
radish_mexico,21005,B,Always-Trace,6,166,False,,,0.0,1.3113732827530724,0.9761828949882189
radish_mexico,21005,C,Selective,6,166,False,,,0.0,1.2357348764557523,0.9836655416162516
