map,seed,condition,method,boundary_f1,symmetric_boundary_distance_mean_m,symmetric_boundary_distance_median_m,symmetric_boundary_distance_p95_m,occupied_iou,observed_coverage_global,detail
map3,21001,A,Original,0.391957362057004,0.7622317676106767,0.35000000000000003,2.8,0.06127131782945736,0.8994526570640288,results/phase4c/aggregate/per_run/map3/21001/A/mapping_metrics_v2.json
map3,21001,B,Always-Trace,0.4361416862266569,0.4969520226149495,0.28027756377319946,1.5500000000000003,0.07734498811410459,0.8868106691026026,results/phase4c/aggregate/per_run/map3/21001/B/mapping_metrics_v2.json
map3,21001,C,Selective,0.5237270070678571,0.47632899927642014,0.25,1.4307764064044153,0.07327045197529483,0.8828838363021303,results/phase4c/aggregate/per_run/map3/21001/C/mapping_metrics_v2.json
map3,21002,A,Original,0.5585871364291201,0.38562071087325794,0.2118033988749895,1.2,0.07782874426627004,0.8752251198473084,results/phase4c/aggregate/per_run/map3/21002/A/mapping_metrics_v2.json
map3,21002,B,Always-Trace,0.4522551282746637,0.45887606614870136,0.28027756377319946,1.3737756131336967,0.08309247650863956,0.8894935406849585,results/phase4c/aggregate/per_run/map3/21002/B/mapping_metrics_v2.json
map3,21002,C,Selective,0.32782043482885925,0.6803233504839454,0.4328427124746191,2.0103718436910203,0.055986987733737725,0.8852566459092243,results/phase4c/aggregate/per_run/map3/21002/C/mapping_metrics_v2.json
map3,21003,A,Original,0.4622214850226168,0.4445643063876865,0.258113883008419,1.3433981132056605,0.08329784835808932,0.88993542541617,results/phase4c/aggregate/per_run/map3/21003/A/mapping_metrics_v2.json
map3,21003,B,Always-Trace,0.5234996555466301,0.5283644826327049,0.25,1.85,0.0723437636189314,0.886738259419757,results/phase4c/aggregate/per_run/map3/21003/B/mapping_metrics_v2.json
map3,21003,C,Selective,0.48550994461069896,0.4392681235502786,0.25,1.35,0.07089723119577192,0.8883851155398605,results/phase4c/aggregate/per_run/map3/21003/C/mapping_metrics_v2.json
map3,21004,A,Original,0.3242843198320291,0.8525366573718709,0.6000000000000001,2.5936263672131936,0.04997309987283576,0.8986672905039342,results/phase4c/aggregate/per_run/map3/21004/A/mapping_metrics_v2.json
map3,21004,B,Always-Trace,0.5265400200548099,0.45334169375708416,0.25,1.4,0.09171862207947604,0.89075606848842,results/phase4c/aggregate/per_run/map3/21004/B/mapping_metrics_v2.json
map3,21004,C,Selective,0.5455183656132634,0.4178422105916319,0.2118033988749895,1.3,0.07584459037678844,0.8841166575690398,results/phase4c/aggregate/per_run/map3/21004/C/mapping_metrics_v2.json
map3,21005,A,Original,0.3158841371973536,0.6023020541700921,0.45,1.720087712549569,0.05988545967478297,0.8799763090370998,results/phase4c/aggregate/per_run/map3/21005/A/mapping_metrics_v2.json
map3,21005,B,Always-Trace,0.5841958433903082,0.44784819836779094,0.2,1.45,0.07766435685368701,0.8969164615058987,results/phase4c/aggregate/per_run/map3/21005/B/mapping_metrics_v2.json
map3,21005,C,Selective,0.3651249199189656,0.585727790290711,0.4,1.7300423721205946,0.06155546006997729,0.8849001674705999,results/phase4c/aggregate/per_run/map3/21005/C/mapping_metrics_v2.json
map8,21001,A,Original,0.5298503404723359,0.22416851026550405,0.1931370849898476,0.56,0.13504938388725507,0.7907771320682816,results/phase4c/aggregate/per_run/map8/21001/A/mapping_metrics_v2.json
map8,21001,B,Always-Trace,0.556820948476236,0.2211689223756077,0.16,0.48,0.1196440030718411,0.786640525536319,results/phase4c/aggregate/per_run/map8/21001/B/mapping_metrics_v2.json
map8,21001,C,Selective,0.5307200838677341,0.22813800665345607,0.1931370849898476,0.6,0.12392919534423608,0.7868895230506743,results/phase4c/aggregate/per_run/map8/21001/C/mapping_metrics_v2.json
map8,21002,A,Original,0.6229881055379191,0.1939904730294235,0.16,0.48,0.126148969889065,0.7850631804127729,results/phase4c/aggregate/per_run/map8/21002/A/mapping_metrics_v2.json
map8,21002,B,Always-Trace,0.6162623719453872,0.1912738699822964,0.16,0.44000000000000006,0.1357078354369238,0.7894780146020803,results/phase4c/aggregate/per_run/map8/21002/B/mapping_metrics_v2.json
map8,21002,C,Selective,0.6159777210699289,0.2038328186853971,0.16,0.48,0.11929463878850821,0.7851736053974,results/phase4c/aggregate/per_run/map8/21002/C/mapping_metrics_v2.json
map8,21003,A,Original,0.6057069773276745,0.20038885074798085,0.16,0.48,0.136383340910773,0.7870605735170574,results/phase4c/aggregate/per_run/map8/21003/A/mapping_metrics_v2.json
map8,21003,B,Always-Trace,0.6027607635147488,0.19505865386142673,0.16,0.48,0.13395135227079435,0.7895126577345124,results/phase4c/aggregate/per_run/map8/21003/B/mapping_metrics_v2.json
map8,21003,C,Selective,0.5461778504267958,0.21295009305687274,0.16,0.52,0.12573841439657987,0.7857874384001802,results/phase4c/aggregate/per_run/map8/21003/C/mapping_metrics_v2.json
map8,21004,A,Original,0.6734082015191403,0.18037636072715602,0.16,0.48,0.13494233867548547,0.7860277751314274,results/phase4c/aggregate/per_run/map8/21004/A/mapping_metrics_v2.json
map8,21004,B,Always-Trace,0.6332497253247285,0.19617783175154724,0.16,0.4897056274847714,0.1204036204036204,0.7872651845179841,results/phase4c/aggregate/per_run/map8/21004/B/mapping_metrics_v2.json
map8,21004,C,Selective,0.5497619076142074,0.21714319543156807,0.16,0.52,0.12381672018974456,0.7911019114348319,results/phase4c/aggregate/per_run/map8/21004/C/mapping_metrics_v2.json
map8,21005,A,Original,0.560106262259414,0.21069505373920452,0.16,0.52,0.12662731801247437,0.7866437733299845,results/phase4c/aggregate/per_run/map8/21005/A/mapping_metrics_v2.json
map8,21005,B,Always-Trace,0.6158489581138847,0.19126013744305514,0.16,0.48,0.13168576000678248,0.7865550003031274,results/phase4c/aggregate/per_run/map8/21005/B/mapping_metrics_v2.json
map8,21005,C,Selective,0.5857206714893199,0.21571463737956353,0.16,0.56,0.13573988195615513,0.7875195950217819,results/phase4c/aggregate/per_run/map8/21005/C/mapping_metrics_v2.json
radish_mexico,21001,A,Original,0.16301956081071195,1.4930006488995828,1.1332431709886202,4.449133104696125,0.03161533580810549,0.7492565330231916,results/phase4c/aggregate/per_run/radish_mexico/21001/A/mapping_metrics_v2.json
radish_mexico,21001,B,Always-Trace,0.1541670108165509,1.6058171483533012,1.2229242973818513,4.621575805904906,0.029666527044599763,0.6762241889523893,results/phase4c/aggregate/per_run/radish_mexico/21001/B/mapping_metrics_v2.json
radish_mexico,21001,C,Selective,0.15319005003153224,1.588626351564836,1.2431255805383254,4.60420676888959,0.029686717408738097,0.6783381267238033,results/phase4c/aggregate/per_run/radish_mexico/21001/C/mapping_metrics_v2.json
radish_mexico,21002,A,Original,0.1654051281580209,1.5165548829824904,1.1293126164151202,4.565993959926481,0.03033131674222135,0.7618304396981421,results/phase4c/aggregate/per_run/radish_mexico/21002/A/mapping_metrics_v2.json
radish_mexico,21002,B,Always-Trace,0.14984867511534905,1.6338324196434364,1.24725226161743,4.6233397645232355,0.026454486919887773,0.6702517661483771,results/phase4c/aggregate/per_run/radish_mexico/21002/B/mapping_metrics_v2.json
radish_mexico,21002,C,Selective,0.11507021458669056,2.874569607336443,1.7184658384730707,10.912660908312272,0.012863692563635348,0.4639755105063713,results/phase4c/aggregate/per_run/radish_mexico/21002/C/mapping_metrics_v2.json
radish_mexico,21003,A,Original,0.15767251245924918,1.5527524019124734,1.1790608452193634,4.445891889279216,0.02800882948456507,0.674349806412857,results/phase4c/aggregate/per_run/radish_mexico/21003/A/mapping_metrics_v2.json
radish_mexico,21003,B,Always-Trace,0.16196642999581515,1.4696752521629173,1.180073525436772,3.9987316389308805,0.029333850603497944,0.6875436308252724,results/phase4c/aggregate/per_run/radish_mexico/21003/B/mapping_metrics_v2.json
radish_mexico,21003,C,Selective,0.15846220123881805,1.5717274431747037,1.1650445487931647,4.637003971085221,0.030914373293238682,0.6933834753520982,results/phase4c/aggregate/per_run/radish_mexico/21003/C/mapping_metrics_v2.json
radish_mexico,21004,A,Original,0.15491153201606353,1.600908984669879,1.2326488456231224,4.600101399582938,0.030107458141305422,0.6804200628421033,results/phase4c/aggregate/per_run/radish_mexico/21004/A/mapping_metrics_v2.json
radish_mexico,21004,B,Always-Trace,0.15242712958139648,1.6212797898563671,1.2403882032022078,4.642334387576885,0.027559615233858956,0.6719880844130462,results/phase4c/aggregate/per_run/radish_mexico/21004/B/mapping_metrics_v2.json
radish_mexico,21004,C,Selective,0.14815566234274338,1.5351954102614562,1.1301494980224,4.554482802137621,0.023282584422473787,0.7874793075025133,results/phase4c/aggregate/per_run/radish_mexico/21004/C/mapping_metrics_v2.json
radish_mexico,21005,A,Original,0.16229767319662755,1.4674006889181603,1.1779628604101349,3.8811899611735825,0.03103720724573599,0.6955339864413568,results/phase4c/aggregate/per_run/radish_mexico/21005/A/mapping_metrics_v2.json
radish_mexico,21005,B,Always-Trace,0.1543601235839054,1.599953907243734,1.2040063920164363,4.568954762271341,0.029335659252798373,0.6740115032227951,results/phase4c/aggregate/per_run/radish_mexico/21005/B/mapping_metrics_v2.json
radish_mexico,21005,C,Selective,0.1562378110725637,1.5815717087466024,1.1802343178074637,4.514349064847483,0.03010023751523416,0.677818785610411,results/phase4c/aggregate/per_run/radish_mexico/21005/C/mapping_metrics_v2.json
