map,seed,condition,method,loop_id,loop_vertex,local_boundary_f1,local_boundary_status,local_symmetric_boundary_distance_mean_m,local_distance_status,local_observed_coverage
map3,21001,A,Original,1,15,0.0,NO_ESTIMATED_BOUNDARY,,ONE_EMPTY_DISTANCE_UNDEFINED,1.0
map3,21001,A,Original,2,11,,NOT_APPLICABLE_NO_GT_BOUNDARY,,NOT_APPLICABLE_NO_GT_BOUNDARY,1.0
map3,21001,A,Original,3,8,0.041666666666666664,AVAILABLE,1.9620203174959068,AVAILABLE,0.9944651821341228
map3,21001,A,Original,4,26,0.0,ESTIMATED_BOUNDARY_WITHOUT_GT,,NOT_APPLICABLE_NO_GT_BOUNDARY,1.0
map3,21001,B,Always-Trace,1,15,1.0,AVAILABLE,0.0,AVAILABLE,1.0
map3,21001,B,Always-Trace,2,11,,NOT_APPLICABLE_NO_GT_BOUNDARY,,NOT_APPLICABLE_NO_GT_BOUNDARY,1.0
map3,21001,B,Always-Trace,3,8,0.23140495867768596,AVAILABLE,0.7570496895472126,AVAILABLE,0.9967820826361179
map3,21001,B,Always-Trace,4,26,,NOT_APPLICABLE_NO_GT_BOUNDARY,,NOT_APPLICABLE_NO_GT_BOUNDARY,1.0
map3,21001,C,Selective,1,15,1.0,AVAILABLE,0.0,AVAILABLE,1.0
map3,21001,C,Selective,2,11,,NOT_APPLICABLE_NO_GT_BOUNDARY,,NOT_APPLICABLE_NO_GT_BOUNDARY,1.0
map3,21001,C,Selective,3,8,0.3571014492753623,AVAILABLE,0.43478984338895355,AVAILABLE,0.9921482816321276
map3,21001,C,Selective,4,26,,NOT_APPLICABLE_NO_GT_BOUNDARY,,NOT_APPLICABLE_NO_GT_BOUNDARY,1.0
map3,21002,A,Original,1,8,1.0,AVAILABLE,0.0,AVAILABLE,0.9648603423864075
map3,21002,A,Original,2,38,,NOT_APPLICABLE_NO_GT_BOUNDARY,,NOT_APPLICABLE_NO_GT_BOUNDARY,1.0
map3,21002,A,Original,3,16,,NOT_APPLICABLE_NO_GT_BOUNDARY,,NOT_APPLICABLE_NO_GT_BOUNDARY,1.0
map3,21002,B,Always-Trace,1,8,0.0,AVAILABLE,0.9296258583420758,AVAILABLE,0.9921482816321276
map3,21002,B,Always-Trace,2,38,,NOT_APPLICABLE_NO_GT_BOUNDARY,,NOT_APPLICABLE_NO_GT_BOUNDARY,1.0
map3,21002,B,Always-Trace,3,16,,NOT_APPLICABLE_NO_GT_BOUNDARY,,NOT_APPLICABLE_NO_GT_BOUNDARY,1.0
map3,21002,C,Selective,1,8,0.0,AVAILABLE,1.2043485667547118,AVAILABLE,0.9944651821341228
map3,21002,C,Selective,2,38,,NOT_APPLICABLE_NO_GT_BOUNDARY,,NOT_APPLICABLE_NO_GT_BOUNDARY,1.0
map3,21002,C,Selective,3,16,,NOT_APPLICABLE_NO_GT_BOUNDARY,,NOT_APPLICABLE_NO_GT_BOUNDARY,1.0
map3,21003,A,Original,1,15,1.0,AVAILABLE,0.021428571428571432,AVAILABLE,0.9997444742557813
map3,21003,A,Original,2,37,,NOT_APPLICABLE_NO_GT_BOUNDARY,,NOT_APPLICABLE_NO_GT_BOUNDARY,1.0
map3,21003,A,Original,3,8,0.3469557964970809,AVAILABLE,0.4243797889117217,AVAILABLE,0.9976830994980049
map3,21003,A,Original,4,21,,NOT_APPLICABLE_NO_GT_BOUNDARY,,NOT_APPLICABLE_NO_GT_BOUNDARY,1.0
map3,21003,B,Always-Trace,1,15,0.0,NO_ESTIMATED_BOUNDARY,,ONE_EMPTY_DISTANCE_UNDEFINED,1.0
map3,21003,B,Always-Trace,2,37,,NOT_APPLICABLE_NO_GT_BOUNDARY,,NOT_APPLICABLE_NO_GT_BOUNDARY,1.0
map3,21003,B,Always-Trace,3,8,0.03529411764705883,AVAILABLE,1.7397130794740758,AVAILABLE,0.9944651821341228
map3,21003,B,Always-Trace,4,21,,NOT_APPLICABLE_NO_GT_BOUNDARY,,NOT_APPLICABLE_NO_GT_BOUNDARY,1.0
map3,21003,C,Selective,1,15,0.0,NO_ESTIMATED_BOUNDARY,,ONE_EMPTY_DISTANCE_UNDEFINED,1.0
map3,21003,C,Selective,2,37,,NOT_APPLICABLE_NO_GT_BOUNDARY,,NOT_APPLICABLE_NO_GT_BOUNDARY,1.0
map3,21003,C,Selective,3,8,0.09708737864077671,AVAILABLE,0.3494875105533627,AVAILABLE,0.9857124469043635
map3,21003,C,Selective,4,21,,NOT_APPLICABLE_NO_GT_BOUNDARY,,NOT_APPLICABLE_NO_GT_BOUNDARY,1.0
map3,21004,A,Original,1,15,0.0,AVAILABLE,0.9,AVAILABLE,1.0
map3,21004,A,Original,2,26,0.0,ESTIMATED_BOUNDARY_WITHOUT_GT,,NOT_APPLICABLE_NO_GT_BOUNDARY,1.0
map3,21004,A,Original,3,35,,NOT_APPLICABLE_NO_GT_BOUNDARY,,NOT_APPLICABLE_NO_GT_BOUNDARY,1.0
map3,21004,A,Original,4,22,0.0,AVAILABLE,1.27768248591384,AVAILABLE,0.9335548172757475
map3,21004,A,Original,5,8,0.5134493670886076,AVAILABLE,0.846705591387859,AVAILABLE,0.9670485261938473
map3,21004,B,Always-Trace,1,15,1.0,AVAILABLE,0.0071428571428571435,AVAILABLE,0.9998722371278906
map3,21004,B,Always-Trace,2,26,,NOT_APPLICABLE_NO_GT_BOUNDARY,,NOT_APPLICABLE_NO_GT_BOUNDARY,1.0
map3,21004,B,Always-Trace,3,35,,NOT_APPLICABLE_NO_GT_BOUNDARY,,NOT_APPLICABLE_NO_GT_BOUNDARY,1.0
map3,21004,B,Always-Trace,4,22,0.0,NO_ESTIMATED_BOUNDARY,,ONE_EMPTY_DISTANCE_UNDEFINED,1.0
map3,21004,B,Always-Trace,5,8,0.620459599703484,AVAILABLE,0.27384886716489787,AVAILABLE,0.9720684772815034
map3,21004,C,Selective,1,15,0.0,NO_ESTIMATED_BOUNDARY,,ONE_EMPTY_DISTANCE_UNDEFINED,1.0
map3,21004,C,Selective,2,26,,NOT_APPLICABLE_NO_GT_BOUNDARY,,NOT_APPLICABLE_NO_GT_BOUNDARY,1.0
map3,21004,C,Selective,3,35,,NOT_APPLICABLE_NO_GT_BOUNDARY,,NOT_APPLICABLE_NO_GT_BOUNDARY,1.0
map3,21004,C,Selective,4,22,0.0,NO_ESTIMATED_BOUNDARY,,ONE_EMPTY_DISTANCE_UNDEFINED,1.0
map3,21004,C,Selective,5,8,0.8059701492537313,AVAILABLE,0.24006404740299553,AVAILABLE,0.9770884283691594
map3,21005,A,Original,1,15,0.0,NO_ESTIMATED_BOUNDARY,,ONE_EMPTY_DISTANCE_UNDEFINED,1.0
map3,21005,A,Original,2,26,0.0,ESTIMATED_BOUNDARY_WITHOUT_GT,,NOT_APPLICABLE_NO_GT_BOUNDARY,1.0
map3,21005,A,Original,3,35,,NOT_APPLICABLE_NO_GT_BOUNDARY,,NOT_APPLICABLE_NO_GT_BOUNDARY,1.0
map3,21005,A,Original,4,22,0.0,AVAILABLE,0.684213821697635,AVAILABLE,0.9666496294403271
map3,21005,A,Original,5,8,0.6837606837606837,AVAILABLE,0.17727272727272725,AVAILABLE,0.9648603423864075
map3,21005,B,Always-Trace,1,15,0.0,NO_ESTIMATED_BOUNDARY,,ONE_EMPTY_DISTANCE_UNDEFINED,1.0
map3,21005,B,Always-Trace,2,26,,NOT_APPLICABLE_NO_GT_BOUNDARY,,NOT_APPLICABLE_NO_GT_BOUNDARY,1.0
map3,21005,B,Always-Trace,3,35,,NOT_APPLICABLE_NO_GT_BOUNDARY,,NOT_APPLICABLE_NO_GT_BOUNDARY,1.0
map3,21005,B,Always-Trace,4,22,0.45508982035928147,AVAILABLE,0.42180460248634716,AVAILABLE,0.9945054945054945
map3,21005,B,Always-Trace,5,8,0.025316455696202535,AVAILABLE,1.1031325166504937,AVAILABLE,0.9944651821341228
map3,21005,C,Selective,1,15,0.0,NO_ESTIMATED_BOUNDARY,,ONE_EMPTY_DISTANCE_UNDEFINED,1.0
map3,21005,C,Selective,2,26,,NOT_APPLICABLE_NO_GT_BOUNDARY,,NOT_APPLICABLE_NO_GT_BOUNDARY,1.0
map3,21005,C,Selective,3,35,,NOT_APPLICABLE_NO_GT_BOUNDARY,,NOT_APPLICABLE_NO_GT_BOUNDARY,1.0
map3,21005,C,Selective,4,22,0.0,AVAILABLE,0.7021760034291044,AVAILABLE,0.9685663174035267
map3,21005,C,Selective,5,8,0.7493495229835212,AVAILABLE,0.5277854533900335,AVAILABLE,0.9750289612562749
map8,21001,A,Original,1,20,0.9753086419753086,AVAILABLE,0.1049895085667537,AVAILABLE,0.9160432252701579
map8,21001,A,Original,2,38,0.8950829325743449,AVAILABLE,0.1218605334983629,AVAILABLE,0.9322216691554671
map8,21001,A,Original,3,35,0.4984293193717277,AVAILABLE,0.2374235449286199,AVAILABLE,0.9958121202167843
map8,21001,B,Always-Trace,1,20,0.7973468430135919,AVAILABLE,0.10658571585196246,AVAILABLE,0.915544472152951
map8,21001,B,Always-Trace,2,38,0.8739946380697051,AVAILABLE,0.1567156254745291,AVAILABLE,0.9307283889165422
map8,21001,B,Always-Trace,3,35,0.653959190528172,AVAILABLE,0.17102712471444514,AVAILABLE,0.984972901954344
map8,21001,C,Selective,1,20,0.7392405063291139,AVAILABLE,0.15077264183194933,AVAILABLE,0.9192019950124688
map8,21001,C,Selective,2,38,0.7205264119904954,AVAILABLE,0.15656084914839175,AVAILABLE,0.9341297494607599
map8,21001,C,Selective,3,35,0.2015959680806384,AVAILABLE,0.2604465158867393,AVAILABLE,0.987682706519954
map8,21002,A,Original,1,20,0.6674365775346778,AVAILABLE,0.13247938430985576,AVAILABLE,0.9118038237738986
map8,21002,A,Original,2,38,0.9509594882729211,AVAILABLE,0.11049645761603615,AVAILABLE,0.9326364692218351
map8,21002,A,Original,3,35,0.5600773490375319,AVAILABLE,0.1966986413881089,AVAILABLE,0.9824273279684678
map8,21002,B,Always-Trace,1,20,0.9672457095018836,AVAILABLE,0.10619940459396882,AVAILABLE,0.9160432252701579
map8,21002,B,Always-Trace,2,38,0.9526184538653367,AVAILABLE,0.11182712713614423,AVAILABLE,0.9351252696200432
map8,21002,B,Always-Trace,3,35,0.5520581113801453,AVAILABLE,0.1895409058851738,AVAILABLE,0.9872721300706192
map8,21002,C,Selective,1,20,0.5556262180736485,AVAILABLE,0.35449310898424113,AVAILABLE,0.9107231920199501
map8,21002,C,Selective,2,38,0.8406737753052079,AVAILABLE,0.15728036785544536,AVAILABLE,0.9303965488634478
map8,21002,C,Selective,3,35,0.3873943120676403,AVAILABLE,0.19199724587308373,AVAILABLE,0.9867794383314173
map8,21003,A,Original,1,20,0.9753086419753086,AVAILABLE,0.08623005013661522,AVAILABLE,0.9189526184538653
map8,21003,A,Original,2,38,0.8035702245297013,AVAILABLE,0.13927169698739147,AVAILABLE,0.930147668823627
map8,21003,A,Original,3,35,0.2672955974842767,AVAILABLE,0.24289565187071757,AVAILABLE,0.987682706519954
map8,21003,B,Always-Trace,1,20,0.7955505952380951,AVAILABLE,0.1678048706479594,AVAILABLE,0.9241064006650042
map8,21003,B,Always-Trace,2,38,0.7632212471849034,AVAILABLE,0.17376594645393934,AVAILABLE,0.9331342293014767
map8,21003,B,Always-Trace,3,35,0.6454993188724719,AVAILABLE,0.18879718310424726,AVAILABLE,0.9922811627525046
map8,21003,C,Selective,1,20,0.8111589139279844,AVAILABLE,0.11512585106930857,AVAILABLE,0.9132169576059851
map8,21003,C,Selective,2,38,0.867122059778073,AVAILABLE,0.15901720276781328,AVAILABLE,0.928903268624523
map8,21003,C,Selective,3,35,0.1651959054006354,AVAILABLE,0.2855177248955661,AVAILABLE,0.9888323205780917
map8,21004,A,Original,1,20,0.9692489186000787,AVAILABLE,0.10547813263069777,AVAILABLE,0.9160432252701579
map8,21004,A,Original,2,38,1.0,AVAILABLE,0.1154201335709018,AVAILABLE,0.9308113489298159
map8,21004,A,Original,3,35,0.7168882323978335,AVAILABLE,0.18696690273995734,AVAILABLE,0.9860404007226146
map8,21004,B,Always-Trace,1,20,0.8982300884955753,AVAILABLE,0.1459227008121176,AVAILABLE,0.9084788029925187
map8,21004,B,Always-Trace,2,38,0.8280064829821717,AVAILABLE,0.14946255793287816,AVAILABLE,0.9342956694873071
map8,21004,B,Always-Trace,3,35,0.18770388958594728,AVAILABLE,0.2492714941339536,AVAILABLE,0.9812777139103301
map8,21004,C,Selective,1,20,0.8375214826513075,AVAILABLE,0.11198380906202698,AVAILABLE,0.9199501246882793
map8,21004,C,Selective,2,38,0.8517288532916586,AVAILABLE,0.12315414922812257,AVAILABLE,0.9329683092749295
map8,21004,C,Selective,3,35,0.4479038645363922,AVAILABLE,0.4564010538971598,AVAILABLE,0.9988503859418624
map8,21005,A,Original,1,20,0.9244769990566561,AVAILABLE,0.11308625286503479,AVAILABLE,0.9179551122194514
map8,21005,A,Original,2,38,0.8359999999999999,AVAILABLE,0.13994730012779072,AVAILABLE,0.9337149493943919
map8,21005,A,Original,3,35,0.19836639439906653,AVAILABLE,0.2647453283955584,AVAILABLE,0.984726556084743
map8,21005,B,Always-Trace,1,20,0.8363903414470133,AVAILABLE,0.10527002107905395,AVAILABLE,0.912718204488778
map8,21005,B,Always-Trace,2,38,1.0,AVAILABLE,0.09616888251636968,AVAILABLE,0.9338808694209391
map8,21005,B,Always-Trace,3,35,0.6262626262626263,AVAILABLE,0.1645126733044931,AVAILABLE,0.9868615536212842
map8,21005,C,Selective,1,20,0.8542519326966803,AVAILABLE,0.08299189661417632,AVAILABLE,0.9236076475477972
map8,21005,C,Selective,2,38,0.7303010890454835,AVAILABLE,0.15398807947795545,AVAILABLE,0.9321387091421934
map8,21005,C,Selective,3,35,0.5713417413766905,AVAILABLE,0.22977644106663903,AVAILABLE,0.9894071276071604
radish_mexico,21001,A,Original,1,59,0.13689752936411503,AVAILABLE,1.0587203209192497,AVAILABLE,0.9698137239293106
radish_mexico,21001,A,Original,2,41,0.0,AVAILABLE,2.1507926509013267,AVAILABLE,0.9608954558481674
radish_mexico,21001,A,Original,3,82,0.0,NO_ESTIMATED_BOUNDARY,,ONE_EMPTY_DISTANCE_UNDEFINED,1.0
radish_mexico,21001,A,Original,4,69,0.0,AVAILABLE,1.5007811148170145,AVAILABLE,0.9840481421339192
radish_mexico,21001,A,Original,5,58,0.014837295565671892,AVAILABLE,1.6978389799722262,AVAILABLE,0.9699729342461392
radish_mexico,21001,A,Original,6,166,0.0,AVAILABLE,1.596768420928292,AVAILABLE,0.9921034197287143
radish_mexico,21001,A,Original,7,87,0.000859106529209622,AVAILABLE,1.7774532725197778,AVAILABLE,0.9844948899996816
radish_mexico,21001,A,Original,8,106,0.12034041356027571,AVAILABLE,1.4893712212465937,AVAILABLE,0.9587021588231548
radish_mexico,21001,A,Original,9,100,0.17537865846714495,AVAILABLE,1.070841457922332,AVAILABLE,0.8966439533847036
radish_mexico,21001,A,Original,10,64,0.09669609079445146,AVAILABLE,1.615143189684083,AVAILABLE,0.8653484891903079
radish_mexico,21001,A,Original,11,65,0.23585134398253482,AVAILABLE,0.6287092085675186,AVAILABLE,0.7377806081834103
radish_mexico,21001,B,Always-Trace,1,59,0.16725199355451803,AVAILABLE,0.9034866565039794,AVAILABLE,0.9400413946823755
radish_mexico,21001,B,Always-Trace,2,41,0.0,AVAILABLE,2.2761053233958197,AVAILABLE,0.9635703595197911
radish_mexico,21001,B,Always-Trace,3,82,0.0,NO_ESTIMATED_BOUNDARY,,ONE_EMPTY_DISTANCE_UNDEFINED,1.0
radish_mexico,21001,B,Always-Trace,4,69,0.0,AVAILABLE,1.480662613006238,AVAILABLE,0.9809596586748177
radish_mexico,21001,B,Always-Trace,5,58,0.0,AVAILABLE,1.8193437807675519,AVAILABLE,0.9779334500875657
radish_mexico,21001,B,Always-Trace,6,166,0.0,AVAILABLE,1.423683559458547,AVAILABLE,0.9642743424823282
radish_mexico,21001,B,Always-Trace,7,87,0.002611818478615736,AVAILABLE,1.557952349232611,AVAILABLE,0.9737654812314942
radish_mexico,21001,B,Always-Trace,8,106,0.08906496580746975,AVAILABLE,1.5400534962588879,AVAILABLE,0.9471120168120741
radish_mexico,21001,B,Always-Trace,9,100,0.12241411111434701,AVAILABLE,1.2007303738691764,AVAILABLE,0.8493918359549131
radish_mexico,21001,B,Always-Trace,10,64,0.09335142845272881,AVAILABLE,1.492480345388504,AVAILABLE,0.8170471550928137
radish_mexico,21001,B,Always-Trace,11,65,0.2121071660331881,AVAILABLE,0.9216150486922547,AVAILABLE,0.6177997134214297
radish_mexico,21001,C,Selective,1,59,0.12391202397322884,AVAILABLE,1.0948164386406964,AVAILABLE,0.9554529533513771
radish_mexico,21001,C,Selective,2,41,0.0,AVAILABLE,2.072106432000135,AVAILABLE,0.9556411807789065
radish_mexico,21001,C,Selective,3,82,0.0,NO_ESTIMATED_BOUNDARY,,ONE_EMPTY_DISTANCE_UNDEFINED,1.0
radish_mexico,21001,C,Selective,4,69,0.0,AVAILABLE,1.4941770484326775,AVAILABLE,0.9776164549304295
radish_mexico,21001,C,Selective,5,58,0.0016273393002441008,AVAILABLE,1.7246044536530087,AVAILABLE,0.9627129437987582
radish_mexico,21001,C,Selective,6,166,0.0,AVAILABLE,1.5912427100916422,AVAILABLE,0.9915939629370184
radish_mexico,21001,C,Selective,7,87,0.0,AVAILABLE,1.7295182383540042,AVAILABLE,0.9794963227100513
radish_mexico,21001,C,Selective,8,106,0.09581233577476231,AVAILABLE,1.5014069228493376,AVAILABLE,0.9523021078774756
radish_mexico,21001,C,Selective,9,100,0.1435845828720942,AVAILABLE,1.1459360691722669,AVAILABLE,0.8516207094185825
radish_mexico,21001,C,Selective,10,64,0.08577670781091273,AVAILABLE,1.6244197496325647,AVAILABLE,0.8204221988728627
radish_mexico,21001,C,Selective,11,65,0.17897631630714472,AVAILABLE,0.8179293490898638,AVAILABLE,0.5787295016717083
radish_mexico,21002,A,Original,1,59,0.11016766820608528,AVAILABLE,0.9553697947881459,AVAILABLE,0.9215729979302659
radish_mexico,21002,A,Original,2,41,0.0,AVAILABLE,2.186303690079714,AVAILABLE,0.9561506862401682
radish_mexico,21002,A,Original,3,82,0.0,NO_ESTIMATED_BOUNDARY,,ONE_EMPTY_DISTANCE_UNDEFINED,1.0
radish_mexico,21002,A,Original,4,69,0.0,AVAILABLE,1.4442313597773655,AVAILABLE,0.9760881332187092
radish_mexico,21002,A,Original,5,58,0.0,AVAILABLE,1.8077195208068353,AVAILABLE,0.9716924056678873
radish_mexico,21002,A,Original,6,166,0.0,AVAILABLE,1.4456295007858362,AVAILABLE,0.9871362160096797
radish_mexico,21002,A,Original,7,87,0.0008960573476702509,AVAILABLE,1.499467036028463,AVAILABLE,0.9784456684389825
radish_mexico,21002,A,Original,8,106,0.08526764566556135,AVAILABLE,1.6632660142817177,AVAILABLE,0.996306438260205
radish_mexico,21002,A,Original,9,100,0.07814411644759545,AVAILABLE,1.202700539900435,AVAILABLE,0.9047952620518372
radish_mexico,21002,A,Original,10,64,0.09995615957913197,AVAILABLE,1.5155561174312941,AVAILABLE,0.848218550004776
radish_mexico,21002,A,Original,11,65,0.25266637527833896,AVAILABLE,0.8108616445593106,AVAILABLE,0.7596242636522846
radish_mexico,21002,B,Always-Trace,1,59,0.15970675626891784,AVAILABLE,0.9224015988940952,AVAILABLE,0.9376213978665817
radish_mexico,21002,B,Always-Trace,2,41,0.0,AVAILABLE,2.207540606338446,AVAILABLE,0.9549724548610006
radish_mexico,21002,B,Always-Trace,3,82,0.0,NO_ESTIMATED_BOUNDARY,,ONE_EMPTY_DISTANCE_UNDEFINED,1.0
radish_mexico,21002,B,Always-Trace,4,69,0.0,AVAILABLE,1.4710485125987989,AVAILABLE,0.9788263762855415
radish_mexico,21002,B,Always-Trace,5,58,0.0,AVAILABLE,1.8006136063743448,AVAILABLE,0.9712784588441331
radish_mexico,21002,B,Always-Trace,6,166,0.0,AVAILABLE,1.401603504889528,AVAILABLE,0.9755460739985989
radish_mexico,21002,B,Always-Trace,7,87,0.0008514261387824606,AVAILABLE,1.552047365070035,AVAILABLE,0.9745932694450635
radish_mexico,21002,B,Always-Trace,8,106,0.10546924195413486,AVAILABLE,1.485857359540523,AVAILABLE,0.9488632745335286
radish_mexico,21002,B,Always-Trace,9,100,0.06765189765700345,AVAILABLE,1.3026688333650536,AVAILABLE,0.8443291090874355
radish_mexico,21002,B,Always-Trace,10,64,0.09091729052042934,AVAILABLE,1.5379473539334727,AVAILABLE,0.8160282739516668
radish_mexico,21002,B,Always-Trace,11,65,0.20843379551401298,AVAILABLE,0.9097837373082056,AVAILABLE,0.6168762935838242
radish_mexico,21002,C,Selective,1,59,0.032367080774905986,AVAILABLE,1.1654124587678893,AVAILABLE,0.7661837287056201
radish_mexico,21002,C,Selective,2,41,0.0,AVAILABLE,2.1793707744040285,AVAILABLE,0.9526478361939942
radish_mexico,21002,C,Selective,3,82,0.0,NO_ESTIMATED_BOUNDARY,,ONE_EMPTY_DISTANCE_UNDEFINED,1.0
radish_mexico,21002,C,Selective,4,69,0.0,AVAILABLE,1.5135382350066067,AVAILABLE,0.8276498869678734
radish_mexico,21002,C,Selective,5,58,0.0,AVAILABLE,1.799817500229623,AVAILABLE,0.40082789364750837
radish_mexico,21002,C,Selective,6,166,0.0,NO_ESTIMATED_BOUNDARY,,ONE_EMPTY_DISTANCE_UNDEFINED,0.0
radish_mexico,21002,C,Selective,7,87,0.0,AVAILABLE,1.7848653666404775,AVAILABLE,0.46859180489668567
radish_mexico,21002,C,Selective,8,106,0.07423880959120131,AVAILABLE,1.5785908974157692,AVAILABLE,0.915971470419665
radish_mexico,21002,C,Selective,9,100,0.10070943096690976,AVAILABLE,1.2237678794386362,AVAILABLE,0.8245558173597402
radish_mexico,21002,C,Selective,10,64,0.09983201343892488,AVAILABLE,1.4829254204154085,AVAILABLE,0.8036425000796001
radish_mexico,21002,C,Selective,11,65,0.04482061814688442,AVAILABLE,1.4851251748303007,AVAILABLE,0.20566788727909568
radish_mexico,21003,A,Original,1,59,0.18559231956111777,AVAILABLE,0.8570901275381264,AVAILABLE,0.9362840312052221
radish_mexico,21003,A,Original,2,41,0.0,AVAILABLE,2.237517673081012,AVAILABLE,0.9567875680667453
radish_mexico,21003,A,Original,3,82,0.0,NO_ESTIMATED_BOUNDARY,,ONE_EMPTY_DISTANCE_UNDEFINED,1.0
radish_mexico,21003,A,Original,4,69,0.0,AVAILABLE,1.4571303641538063,AVAILABLE,0.98407998216958
radish_mexico,21003,A,Original,5,58,0.0,AVAILABLE,1.8139882701217687,AVAILABLE,0.9741124024836809
radish_mexico,21003,A,Original,6,166,0.0,AVAILABLE,1.3579418364035758,AVAILABLE,0.9805132777176335
radish_mexico,21003,A,Original,7,87,0.0028555111364934323,AVAILABLE,1.4776527578008536,AVAILABLE,0.9819160113343309
radish_mexico,21003,A,Original,8,106,0.09684779065977557,AVAILABLE,1.5217690223974996,AVAILABLE,0.9531299751639815
radish_mexico,21003,A,Original,9,100,0.12425249169435217,AVAILABLE,1.1310116556051366,AVAILABLE,0.8599312233331211
radish_mexico,21003,A,Original,10,64,0.10149704418832134,AVAILABLE,1.541922407963546,AVAILABLE,0.8306428503199924
radish_mexico,21003,A,Original,11,65,0.24742637878217685,AVAILABLE,0.759464654908846,AVAILABLE,0.6326381149498488
radish_mexico,21003,B,Always-Trace,1,59,0.12405897114178169,AVAILABLE,1.1010308067096863,AVAILABLE,0.9676484636204427
radish_mexico,21003,B,Always-Trace,2,41,0.0,AVAILABLE,2.0902586566709993,AVAILABLE,0.9558322453268796
radish_mexico,21003,B,Always-Trace,3,82,0.0,NO_ESTIMATED_BOUNDARY,,ONE_EMPTY_DISTANCE_UNDEFINED,1.0
radish_mexico,21003,B,Always-Trace,4,69,0.0,AVAILABLE,1.4874260560482342,AVAILABLE,0.9814054191740694
radish_mexico,21003,B,Always-Trace,5,58,0.05276766902892166,AVAILABLE,1.7090732332304341,AVAILABLE,0.9877089635408375
radish_mexico,21003,B,Always-Trace,6,166,0.0,AVAILABLE,1.5928795471602328,AVAILABLE,0.9998726358020761
radish_mexico,21003,B,Always-Trace,7,87,0.0,AVAILABLE,1.8200504732041103,AVAILABLE,0.9925180680696616
radish_mexico,21003,B,Always-Trace,8,106,0.13033514752219996,AVAILABLE,1.5097336067505003,AVAILABLE,0.9499777112653633
radish_mexico,21003,B,Always-Trace,9,100,0.1382943694435298,AVAILABLE,1.1872016719242453,AVAILABLE,0.8432465134050818
radish_mexico,21003,B,Always-Trace,10,64,0.1018478954361607,AVAILABLE,1.6578335574316316,AVAILABLE,0.8375839780940555
radish_mexico,21003,B,Always-Trace,11,65,0.3315433640627613,AVAILABLE,0.6299319883142636,AVAILABLE,0.559910842222576
radish_mexico,21003,C,Selective,1,59,0.1691852241194067,AVAILABLE,0.9116708833950451,AVAILABLE,0.9372392931061932
radish_mexico,21003,C,Selective,2,41,0.0,AVAILABLE,2.219456681950323,AVAILABLE,0.9575518262586377
radish_mexico,21003,C,Selective,3,82,0.0,NO_ESTIMATED_BOUNDARY,,ONE_EMPTY_DISTANCE_UNDEFINED,1.0
radish_mexico,21003,C,Selective,4,69,0.0,AVAILABLE,1.4694940639330245,AVAILABLE,0.9807367784251918
radish_mexico,21003,C,Selective,5,58,0.0,AVAILABLE,1.800768164048224,AVAILABLE,0.9745581913708008
radish_mexico,21003,C,Selective,6,166,0.0,AVAILABLE,1.4455079019637302,AVAILABLE,0.9639559319875183
radish_mexico,21003,C,Selective,7,87,0.0,AVAILABLE,1.5500266332398989,AVAILABLE,0.9742430513547072
radish_mexico,21003,C,Selective,8,106,0.10310721283941401,AVAILABLE,1.5227791566824542,AVAILABLE,0.9507100554034261
radish_mexico,21003,C,Selective,9,100,0.09296342095815548,AVAILABLE,1.1940578443907737,AVAILABLE,0.856651595236579
radish_mexico,21003,C,Selective,10,64,0.09126076521248058,AVAILABLE,1.5297553065900478,AVAILABLE,0.8142452319546598
radish_mexico,21003,C,Selective,11,65,0.33131819981405614,AVAILABLE,0.639096898049717,AVAILABLE,0.9041553892692247
radish_mexico,21004,A,Original,1,59,0.1705352913311227,AVAILABLE,0.9046085819953178,AVAILABLE,0.9409648145199809
radish_mexico,21004,A,Original,2,41,0.0,AVAILABLE,2.211369764818944,AVAILABLE,0.9568831003407318
radish_mexico,21004,A,Original,3,82,0.0,NO_ESTIMATED_BOUNDARY,,ONE_EMPTY_DISTANCE_UNDEFINED,1.0
radish_mexico,21004,A,Original,4,69,0.0,AVAILABLE,1.4777734116699723,AVAILABLE,0.9781258955010029
radish_mexico,21004,A,Original,5,58,0.0,AVAILABLE,1.8291671252628232,AVAILABLE,0.9711510905906703
radish_mexico,21004,A,Original,6,166,0.0,AVAILABLE,1.3961246793392088,AVAILABLE,0.9866267592179838
radish_mexico,21004,A,Original,7,87,0.0,AVAILABLE,1.5687359875374791,AVAILABLE,0.9737018052150658
radish_mexico,21004,A,Original,8,106,0.09995831210338599,AVAILABLE,1.5217079856366125,AVAILABLE,0.9694007514487678
radish_mexico,21004,A,Original,9,100,0.08543096872616324,AVAILABLE,1.240829109339313,AVAILABLE,0.8578615551168567
radish_mexico,21004,A,Original,10,64,0.08471706520124758,AVAILABLE,1.5597664137499627,AVAILABLE,0.8140541917406947
radish_mexico,21004,A,Original,11,65,0.22314528593508498,AVAILABLE,0.9219805246231402,AVAILABLE,0.7024040757841108
radish_mexico,21004,B,Always-Trace,1,59,0.1646066302409195,AVAILABLE,0.9240986042129302,AVAILABLE,0.9410921827734438
radish_mexico,21004,B,Always-Trace,2,41,0.0,AVAILABLE,2.185849501707629,AVAILABLE,0.9625831926885966
radish_mexico,21004,B,Always-Trace,3,82,0.0,NO_ESTIMATED_BOUNDARY,,ONE_EMPTY_DISTANCE_UNDEFINED,1.0
radish_mexico,21004,B,Always-Trace,4,69,0.0,AVAILABLE,1.460516548373358,AVAILABLE,0.9809914987104785
radish_mexico,21004,B,Always-Trace,5,58,0.0,AVAILABLE,1.8073883972165397,AVAILABLE,0.9727431937589556
radish_mexico,21004,B,Always-Trace,6,166,0.0,AVAILABLE,1.4139505514670614,AVAILABLE,0.9737629752276635
radish_mexico,21004,B,Always-Trace,7,87,0.0,AVAILABLE,1.5260500303815387,AVAILABLE,0.979146104619695
radish_mexico,21004,B,Always-Trace,8,106,0.09153956392670692,AVAILABLE,1.4955568060093787,AVAILABLE,0.9504553270075782
radish_mexico,21004,B,Always-Trace,9,100,0.07883193538365951,AVAILABLE,1.2756417553431871,AVAILABLE,0.8467490288479909
radish_mexico,21004,B,Always-Trace,10,64,0.09127789046653145,AVAILABLE,1.548355648052139,AVAILABLE,0.8159645938803451
radish_mexico,21004,B,Always-Trace,11,65,0.20689655172413793,AVAILABLE,0.9213816888280077,AVAILABLE,0.6040439420474447
radish_mexico,21004,C,Selective,1,59,0.18902443069126318,AVAILABLE,0.8788995989293178,AVAILABLE,1.0
radish_mexico,21004,C,Selective,2,41,0.0,AVAILABLE,2.794840721178966,AVAILABLE,1.0
radish_mexico,21004,C,Selective,3,82,0.0,NO_ESTIMATED_BOUNDARY,,ONE_EMPTY_DISTANCE_UNDEFINED,1.0
radish_mexico,21004,C,Selective,4,69,0.0,AVAILABLE,1.4193662663445434,AVAILABLE,1.0
radish_mexico,21004,C,Selective,5,58,0.08629640739287939,AVAILABLE,1.3611192828412757,AVAILABLE,0.9978984238178634
radish_mexico,21004,C,Selective,6,166,0.02826267664172901,AVAILABLE,1.253352187686727,AVAILABLE,0.9320193593580844
radish_mexico,21004,C,Selective,7,87,0.09979241177500438,AVAILABLE,1.2968690339577873,AVAILABLE,1.0
radish_mexico,21004,C,Selective,8,106,0.0,AVAILABLE,3.65047424309866,AVAILABLE,1.0
radish_mexico,21004,C,Selective,9,100,0.0,AVAILABLE,1.9103242213217828,AVAILABLE,1.0
radish_mexico,21004,C,Selective,10,64,0.09902351808554533,AVAILABLE,1.4300665391817848,AVAILABLE,0.9061355748718438
radish_mexico,21004,C,Selective,11,65,0.20645544086969514,AVAILABLE,0.9403235102823762,AVAILABLE,0.614742875338322
radish_mexico,21005,A,Original,1,59,0.1602398267917615,AVAILABLE,0.9108409940268443,AVAILABLE,0.9607068938067187
radish_mexico,21005,A,Original,2,41,0.0,AVAILABLE,2.195937228119438,AVAILABLE,0.9568194121580741
radish_mexico,21005,A,Original,3,82,0.0,NO_ESTIMATED_BOUNDARY,,ONE_EMPTY_DISTANCE_UNDEFINED,1.0
radish_mexico,21005,A,Original,4,69,0.0,AVAILABLE,1.4916269285821064,AVAILABLE,0.9870411054860382
radish_mexico,21005,A,Original,5,58,0.0,AVAILABLE,1.7907109708324587,AVAILABLE,0.9988536857188346
radish_mexico,21005,A,Original,6,166,0.0,AVAILABLE,1.4476479403784284,AVAILABLE,1.0
radish_mexico,21005,A,Original,7,87,0.0013845621322256835,AVAILABLE,1.5976339570435258,AVAILABLE,0.9974529593428635
radish_mexico,21005,A,Original,8,106,0.12033439075893589,AVAILABLE,1.4876320009298198,AVAILABLE,0.9559319875183087
radish_mexico,21005,A,Original,9,100,0.1917115198082885,AVAILABLE,1.0757449023107861,AVAILABLE,0.8480545118767114
radish_mexico,21005,A,Original,10,153,0.08861108980750057,AVAILABLE,1.4371872615368098,AVAILABLE,0.896650534895568
radish_mexico,21005,A,Original,11,65,0.18865604929842603,AVAILABLE,0.8277771252376884,AVAILABLE,0.6383060022289444
radish_mexico,21005,B,Always-Trace,1,59,0.1872102339734068,AVAILABLE,0.8618699653134925,AVAILABLE,0.9321127209043146
radish_mexico,21005,B,Always-Trace,2,41,0.0,AVAILABLE,2.2375072503132056,AVAILABLE,0.9544947934910677
radish_mexico,21005,B,Always-Trace,3,82,0.0,NO_ESTIMATED_BOUNDARY,,ONE_EMPTY_DISTANCE_UNDEFINED,1.0
radish_mexico,21005,B,Always-Trace,4,69,0.0,AVAILABLE,1.4525280731728953,AVAILABLE,0.9766930938962651
radish_mexico,21005,B,Always-Trace,5,58,0.0,AVAILABLE,1.8110274799282007,AVAILABLE,0.9707371437669161
radish_mexico,21005,B,Always-Trace,6,166,0.0,AVAILABLE,1.3113732827530724,AVAILABLE,0.9761828949882189
radish_mexico,21005,B,Always-Trace,7,87,0.0025421035907213217,AVAILABLE,1.471493265260353,AVAILABLE,0.9756120857079181
radish_mexico,21005,B,Always-Trace,8,106,0.10878295791863105,AVAILABLE,1.5128782032858146,AVAILABLE,0.9487359103356047
radish_mexico,21005,B,Always-Trace,9,100,0.10494183302038204,AVAILABLE,1.232424716618356,AVAILABLE,0.8448704069286124
radish_mexico,21005,B,Always-Trace,10,153,0.0797025259648673,AVAILABLE,1.4403254791301696,AVAILABLE,0.8998344370860927
radish_mexico,21005,B,Always-Trace,11,65,0.2087391081496668,AVAILABLE,0.9437199950155267,AVAILABLE,0.6242636522846681
radish_mexico,21005,C,Selective,1,59,0.21674038515569186,AVAILABLE,0.815079223930764,AVAILABLE,0.9269543066390702
radish_mexico,21005,C,Selective,2,41,0.0,AVAILABLE,2.367409774070581,AVAILABLE,0.9569786326147184
radish_mexico,21005,C,Selective,3,82,0.0,NO_ESTIMATED_BOUNDARY,,ONE_EMPTY_DISTANCE_UNDEFINED,1.0
radish_mexico,21005,C,Selective,4,69,0.0,AVAILABLE,1.4530300289444238,AVAILABLE,0.982105899958608
radish_mexico,21005,C,Selective,5,58,0.0,AVAILABLE,1.8477021665420812,AVAILABLE,0.9772010826301545
radish_mexico,21005,C,Selective,6,166,0.0,AVAILABLE,1.2357348764557523,AVAILABLE,0.9836655416162516
radish_mexico,21005,C,Selective,7,87,0.005321722302854378,AVAILABLE,1.4369435931310655,AVAILABLE,0.9753573816422044
radish_mexico,21005,C,Selective,8,106,0.11241483724451173,AVAILABLE,1.4913970145650906,AVAILABLE,0.9574921989428772
radish_mexico,21005,C,Selective,9,100,0.11216566005176877,AVAILABLE,1.1744442361016558,AVAILABLE,0.8585620582054384
radish_mexico,21005,C,Selective,10,153,0.07776697680877658,AVAILABLE,1.474824604238345,AVAILABLE,0.9103413143148242
radish_mexico,21005,C,Selective,11,65,0.2025114407247349,AVAILABLE,0.921782390125987,AVAILABLE,0.6142334023244707
