map,seed,condition,method,loop_id,loop_vertex,selection_order,selection_timestamp,planned_source,planned,executed,execution_finished,target_attributable,temporally_associated,execution_policy,active_loop_distance_m,active_loop_time_s,actual_generated_repair_length_m,actual_executed_repair_length_m,early_stopped,avoided_nominal_repair_path_length_lower_bound_m,run_dir
map3,21001,A,Original,1,15,1,0.0,LOOP_INSERTED event,True,True,True,False,False,ORIGINAL,16.52612578488274,50.10000000000002,,0.0,False,,results/phase4b/map3/seed_21001/A_original
map3,21001,A,Original,2,11,2,0.0,LOOP_INSERTED event,True,True,True,False,False,ORIGINAL,26.197814460598025,96.10000000000002,,0.0,False,,results/phase4b/map3/seed_21001/A_original
map3,21001,A,Original,3,8,3,0.0,LOOP_INSERTED event,True,True,True,False,False,ORIGINAL,13.239097907262243,31.100000000000136,,0.0,False,,results/phase4b/map3/seed_21001/A_original
map3,21001,A,Original,4,26,4,0.0,LOOP_INSERTED event,True,True,True,False,False,ORIGINAL,10.808915031713127,47.600000000000136,,0.0,False,,results/phase4b/map3/seed_21001/A_original
map3,21001,B,Always-Trace,1,15,1,0.0,LOOP_INSERTED event,True,True,True,False,False,ALWAYS_TRACE,36.27732699563707,100.10000000000002,11.82,36.27732699563707,False,,results/phase4b/map3/seed_21001/B_always_trace
map3,21001,B,Always-Trace,2,11,2,0.0,LOOP_INSERTED event,True,True,True,False,False,ALWAYS_TRACE,46.70663747690476,172.0,14.27,46.70663747690476,False,,results/phase4b/map3/seed_21001/B_always_trace
map3,21001,B,Always-Trace,3,8,3,0.0,LOOP_INSERTED event,True,True,True,False,False,ALWAYS_TRACE,15.3654119249546,41.200000000000045,1.64,15.3654119249546,False,,results/phase4b/map3/seed_21001/B_always_trace
map3,21001,B,Always-Trace,4,26,4,0.0,LOOP_INSERTED event,True,True,True,False,False,ALWAYS_TRACE,47.33410115797466,137.10000000000014,14.01,47.33410115797466,False,,results/phase4b/map3/seed_21001/B_always_trace
map3,21001,C,Selective,1,15,1,0.0,LOOP_INSERTED event,True,True,True,False,False,NO_REPAIR,15.112147051265506,44.0,,0.0,False,,results/phase4b/map3/seed_21001/C_selective
map3,21001,C,Selective,2,11,2,0.0,LOOP_INSERTED event,True,True,True,False,False,SELECTIVE_REPAIR,26.99802034161808,97.29999999999995,12.4,26.99802034161808,False,,results/phase4b/map3/seed_21001/C_selective
map3,21001,C,Selective,3,8,3,0.0,LOOP_INSERTED event,True,True,True,False,False,SELECTIVE_REPAIR,30.706277057401714,101.90000000000009,9.72,30.706277057401714,False,,results/phase4b/map3/seed_21001/C_selective
map3,21001,C,Selective,4,26,4,0.0,LOOP_INSERTED event,True,True,True,False,False,NO_REPAIR,28.386955975669746,83.70000000000005,,0.0,False,,results/phase4b/map3/seed_21001/C_selective
map3,21002,A,Original,1,8,1,0.0,LOOP_INSERTED event,True,True,True,False,True,ORIGINAL,13.673120151144282,33.0,,0.0,False,,results/phase4b/map3/seed_21002/A_original
map3,21002,A,Original,2,38,2,0.0,LOOP_INSERTED event,True,True,True,False,False,ORIGINAL,16.199302501804862,65.90000000000009,,0.0,False,,results/phase4b/map3/seed_21002/A_original
map3,21002,A,Original,3,16,3,0.0,LOOP_INSERTED event,True,True,True,False,False,ORIGINAL,28.126745828531078,68.09999999999991,,0.0,False,,results/phase4b/map3/seed_21002/A_original
map3,21002,B,Always-Trace,1,8,1,0.0,LOOP_INSERTED event,True,True,True,False,False,ALWAYS_TRACE,13.341922349442742,35.099999999999966,1.66,13.341922349442742,False,,results/phase4b/map3/seed_21002/B_always_trace
map3,21002,B,Always-Trace,2,38,2,0.0,LOOP_INSERTED event,True,True,True,False,False,ALWAYS_TRACE,56.383629812140946,174.39999999999998,15.75,56.383629812140946,False,,results/phase4b/map3/seed_21002/B_always_trace
map3,21002,B,Always-Trace,3,16,3,0.0,LOOP_INSERTED event,True,True,True,False,False,ALWAYS_TRACE,42.80448416734826,138.0,14.83,42.80448416734826,False,,results/phase4b/map3/seed_21002/B_always_trace
map3,21002,C,Selective,1,8,1,0.0,LOOP_INSERTED event,True,True,True,False,False,SELECTIVE_REPAIR,28.263384370567586,88.40000000000003,9.94,28.263384370567586,False,,results/phase4b/map3/seed_21002/C_selective
map3,21002,C,Selective,2,38,2,0.0,LOOP_INSERTED event,True,True,True,False,False,NO_REPAIR,20.446260783375234,85.0,,0.0,False,,results/phase4b/map3/seed_21002/C_selective
map3,21002,C,Selective,3,16,3,0.0,LOOP_INSERTED event,True,True,True,False,False,NO_REPAIR,18.15539450281601,66.09999999999991,,0.0,False,,results/phase4b/map3/seed_21002/C_selective
map3,21003,A,Original,1,15,1,0.0,LOOP_INSERTED event,True,True,True,False,False,ORIGINAL,16.567595101870946,50.0,,0.0,False,,results/phase4b/map3/seed_21003/A_original
map3,21003,A,Original,2,37,2,0.0,LOOP_INSERTED event,True,True,True,False,False,ORIGINAL,38.26511360696746,115.10000000000002,,0.0,False,,results/phase4b/map3/seed_21003/A_original
map3,21003,A,Original,3,8,3,0.0,LOOP_INSERTED event,True,True,True,False,False,ORIGINAL,18.45453794729327,48.899999999999864,,0.0,False,,results/phase4b/map3/seed_21003/A_original
map3,21003,A,Original,4,21,4,0.0,LOOP_INSERTED event,True,True,True,False,False,ORIGINAL,24.05043651846124,97.0,,0.0,False,,results/phase4b/map3/seed_21003/A_original
map3,21003,B,Always-Trace,1,15,1,0.1,LOOP_INSERTED event,True,True,True,False,False,ALWAYS_TRACE,29.967324890382997,86.09999999999997,11.76,29.967324890382997,False,,results/phase4b/map3/seed_21003/B_always_trace
map3,21003,B,Always-Trace,2,37,2,0.1,LOOP_INSERTED event,True,True,True,False,False,ALWAYS_TRACE,61.32563396791261,223.19999999999993,15.7,61.32563396791261,False,,results/phase4b/map3/seed_21003/B_always_trace
map3,21003,B,Always-Trace,3,8,3,0.1,LOOP_INSERTED event,True,True,True,False,False,ALWAYS_TRACE,21.23282615055648,55.799999999999955,1.66,21.23282615055648,False,,results/phase4b/map3/seed_21003/B_always_trace
map3,21003,B,Always-Trace,4,21,4,0.1,LOOP_INSERTED event,True,True,True,False,False,ALWAYS_TRACE,30.713976765803157,122.20000000000005,15.2,30.713976765803157,False,,results/phase4b/map3/seed_21003/B_always_trace
map3,21003,C,Selective,1,15,1,0.0,LOOP_INSERTED event,True,True,True,False,False,NO_REPAIR,15.829240108848735,49.89999999999998,,0.0,False,,results/phase4b/map3/seed_21003/C_selective
map3,21003,C,Selective,2,37,2,0.0,LOOP_INSERTED event,True,True,True,False,False,NO_REPAIR,33.66578634311746,136.20000000000005,,0.0,False,,results/phase4b/map3/seed_21003/C_selective
map3,21003,C,Selective,3,8,3,0.0,LOOP_INSERTED event,True,True,True,False,False,SELECTIVE_REPAIR,33.364683861739636,102.19999999999982,9.8,33.364683861739636,False,,results/phase4b/map3/seed_21003/C_selective
map3,21003,C,Selective,4,21,4,0.0,LOOP_INSERTED event,True,True,True,True,False,NO_REPAIR,28.309135250093174,68.60000000000014,,0.0,False,,results/phase4b/map3/seed_21003/C_selective
map3,21004,A,Original,1,15,1,0.0,LOOP_INSERTED event,True,True,True,False,False,ORIGINAL,20.672913628372964,61.89999999999998,,0.0,False,,results/phase4b/map3/seed_21004/A_original
map3,21004,A,Original,2,26,2,0.0,LOOP_INSERTED event,True,True,True,False,False,ORIGINAL,25.188076126300583,49.90000000000009,,0.0,False,,results/phase4b/map3/seed_21004/A_original
map3,21004,A,Original,3,35,3,0.0,LOOP_INSERTED event,True,True,True,False,False,ORIGINAL,28.435795906295684,66.69999999999982,,0.0,False,,results/phase4b/map3/seed_21004/A_original
map3,21004,A,Original,4,22,4,0.0,LOOP_INSERTED event,True,True,True,False,False,ORIGINAL,20.4019758610485,45.80000000000018,,0.0,False,,results/phase4b/map3/seed_21004/A_original
map3,21004,A,Original,5,8,5,0.0,LOOP_INSERTED event,True,True,True,False,False,ORIGINAL,11.383496644919548,39.0,,0.0,False,,results/phase4b/map3/seed_21004/A_original
map3,21004,B,Always-Trace,1,15,1,0.0,LOOP_INSERTED event,True,True,True,False,True,ALWAYS_TRACE,34.78439199612545,100.10000000000002,12.49,34.78439199612545,False,,results/phase4b/map3/seed_21004/B_always_trace
map3,21004,B,Always-Trace,2,26,2,0.0,LOOP_INSERTED event,True,True,True,False,False,ALWAYS_TRACE,58.19697770926874,174.5,15.39,58.19697770926874,False,,results/phase4b/map3/seed_21004/B_always_trace
map3,21004,B,Always-Trace,3,35,3,0.0,LOOP_INSERTED event,True,True,True,False,False,ALWAYS_TRACE,53.24855405697942,186.39999999999986,12.94,53.24855405697942,False,,results/phase4b/map3/seed_21004/B_always_trace
map3,21004,B,Always-Trace,4,22,4,0.0,LOOP_INSERTED event,True,True,True,False,True,ALWAYS_TRACE,38.467953014057535,129.10000000000014,12.77,38.467953014057535,False,,results/phase4b/map3/seed_21004/B_always_trace
map3,21004,B,Always-Trace,5,8,5,0.0,LOOP_INSERTED event,True,True,True,False,False,ALWAYS_TRACE,29.569602813142254,59.299999999999955,1.62,29.569602813142254,False,,results/phase4b/map3/seed_21004/B_always_trace
map3,21004,C,Selective,1,15,1,16.0,LOOP_INSERTED event,True,True,True,False,False,NO_REPAIR,16.95664295673767,45.0,,0.0,False,,results/phase4b/map3/seed_21004/C_selective
map3,21004,C,Selective,2,26,2,16.0,LOOP_INSERTED event,True,True,True,False,False,NO_REPAIR,25.050578923688885,76.10000000000002,,0.0,False,,results/phase4b/map3/seed_21004/C_selective
map3,21004,C,Selective,3,35,3,16.0,LOOP_INSERTED event,True,True,True,False,False,NO_REPAIR,21.520913847804906,60.0,,0.0,False,,results/phase4b/map3/seed_21004/C_selective
map3,21004,C,Selective,4,22,4,16.0,LOOP_INSERTED event,True,True,True,False,False,SELECTIVE_REPAIR,31.290137844066404,116.79999999999995,12.77,31.290137844066404,False,,results/phase4b/map3/seed_21004/C_selective
map3,21004,C,Selective,5,8,5,16.0,LOOP_INSERTED event,True,True,True,False,False,SELECTIVE_REPAIR,61.36219661342164,186.4000000000001,9.84,61.36219661342164,False,,results/phase4b/map3/seed_21004/C_selective
map3,21005,A,Original,1,15,1,0.0,LOOP_INSERTED event,True,True,True,False,False,ORIGINAL,16.723169014430876,52.0,,0.0,False,,results/phase4b/map3/seed_21005/A_original
map3,21005,A,Original,2,26,2,0.0,LOOP_INSERTED event,True,True,True,False,False,ORIGINAL,24.82886774462149,56.19999999999993,,0.0,False,,results/phase4b/map3/seed_21005/A_original
map3,21005,A,Original,3,35,3,0.0,LOOP_INSERTED event,True,True,True,False,False,ORIGINAL,19.013164230016024,66.90000000000009,,0.0,False,,results/phase4b/map3/seed_21005/A_original
map3,21005,A,Original,4,22,4,0.0,LOOP_INSERTED event,True,True,True,False,False,ORIGINAL,19.29255062919259,65.29999999999995,,0.0,False,,results/phase4b/map3/seed_21005/A_original
map3,21005,A,Original,5,8,5,0.0,LOOP_INSERTED event,True,True,True,False,False,ORIGINAL,36.28512698654732,80.09999999999991,,0.0,False,,results/phase4b/map3/seed_21005/A_original
map3,21005,B,Always-Trace,1,15,1,0.0,LOOP_INSERTED event,True,True,True,False,False,ALWAYS_TRACE,38.279939379694895,121.19999999999999,11.66,38.279939379694895,False,,results/phase4b/map3/seed_21005/B_always_trace
map3,21005,B,Always-Trace,2,26,2,0.0,LOOP_INSERTED event,True,True,True,False,False,ALWAYS_TRACE,50.84093993402386,168.30000000000007,14.78,50.84093993402386,False,,results/phase4b/map3/seed_21005/B_always_trace
map3,21005,B,Always-Trace,3,35,3,0.0,LOOP_INSERTED event,True,True,True,False,False,ALWAYS_TRACE,49.53660608931101,184.29999999999995,13.63,49.53660608931101,False,,results/phase4b/map3/seed_21005/B_always_trace
map3,21005,B,Always-Trace,4,22,4,0.0,LOOP_INSERTED event,True,True,True,False,False,ALWAYS_TRACE,68.91697181009663,491.29999999999995,12.34,68.91697181009663,False,,results/phase4b/map3/seed_21005/B_always_trace
map3,21005,B,Always-Trace,5,8,5,0.0,LOOP_INSERTED event,True,True,True,False,False,ALWAYS_TRACE,44.413534384332905,120.89999999999964,1.67,44.413534384332905,False,,results/phase4b/map3/seed_21005/B_always_trace
map3,21005,C,Selective,1,15,1,0.0,LOOP_INSERTED event,True,True,True,False,False,NO_REPAIR,17.03719407512928,49.89999999999998,,0.0,False,,results/phase4b/map3/seed_21005/C_selective
map3,21005,C,Selective,2,26,2,0.0,LOOP_INSERTED event,True,True,True,False,True,SELECTIVE_REPAIR,16.18499579038335,24.100000000000023,12.45,16.18499579038335,True,11.95953967237682,results/phase4b/map3/seed_21005/C_selective
map3,21005,C,Selective,3,35,3,0.0,LOOP_INSERTED event,True,True,True,False,False,NO_REPAIR,18.474077730666547,59.09999999999991,,0.0,False,,results/phase4b/map3/seed_21005/C_selective
map3,21005,C,Selective,4,22,4,0.0,LOOP_INSERTED event,True,True,True,False,False,SELECTIVE_REPAIR,30.71156177501979,91.0,12.56,30.71156177501979,False,,results/phase4b/map3/seed_21005/C_selective
map3,21005,C,Selective,5,8,5,0.0,LOOP_INSERTED event,True,True,True,False,True,SELECTIVE_REPAIR,6.812839525026501,11.700000000000045,9.97,6.812839525026501,True,9.571189627917285,results/phase4b/map3/seed_21005/C_selective
map8,21001,A,Original,1,20,1,0.0,LOOP_INSERTED event,True,True,True,False,True,ORIGINAL,19.63812180009681,40.10000000000002,,0.0,False,,results/phase4c/formal/map8/seed_21001/A_original/attempt_01
map8,21001,A,Original,2,38,2,0.0,LOOP_INSERTED event,True,True,True,True,False,ORIGINAL,18.99754170990611,40.200000000000045,,0.0,False,,results/phase4c/formal/map8/seed_21001/A_original/attempt_01
map8,21001,A,Original,3,35,3,0.0,LOOP_INSERTED event,True,True,True,False,False,ORIGINAL,27.066673209625954,67.79999999999995,,0.0,False,,results/phase4c/formal/map8/seed_21001/A_original/attempt_01
map8,21001,B,Always-Trace,1,20,1,0.0,LOOP_INSERTED event,True,True,True,False,True,ALWAYS_TRACE,17.462434822090387,50.0,3.56,17.462434822090387,False,,results/phase4c/formal/map8/seed_21001/B_always_trace/attempt_01
map8,21001,B,Always-Trace,2,38,2,0.0,LOOP_INSERTED event,True,True,True,False,True,ALWAYS_TRACE,46.49870359713343,130.79999999999995,12.05,46.49870359713343,False,,results/phase4c/formal/map8/seed_21001/B_always_trace/attempt_01
map8,21001,B,Always-Trace,3,35,3,0.0,LOOP_INSERTED event,True,True,True,True,False,ALWAYS_TRACE,26.157123895450233,100.5,11.8,26.157123895450233,False,,results/phase4c/formal/map8/seed_21001/B_always_trace/attempt_01
map8,21001,C,Selective,1,20,1,0.0,LOOP_INSERTED event,True,True,True,False,True,SELECTIVE_REPAIR,14.81165495129235,26.199999999999932,11.97,14.81165495129235,True,9.888110954470948,results/phase4c/formal/map8/seed_21001/C_selective/attempt_01
map8,21001,C,Selective,2,38,2,0.0,LOOP_INSERTED event,True,True,True,True,False,SELECTIVE_REPAIR,26.702236974738316,70.0,12.84,26.702236974738316,True,5.477058581333232,results/phase4c/formal/map8/seed_21001/C_selective/attempt_01
map8,21001,C,Selective,3,35,3,0.0,LOOP_INSERTED event,True,True,True,False,False,NO_REPAIR,31.740425705764864,78.5,,0.0,False,,results/phase4c/formal/map8/seed_21001/C_selective/attempt_01
map8,21002,A,Original,1,20,1,0.0,LOOP_INSERTED event,True,True,True,False,False,ORIGINAL,13.548323164890952,28.100000000000023,,0.0,False,,results/phase4c/formal/map8/seed_21002/A_original/attempt_01
map8,21002,A,Original,2,38,2,0.0,LOOP_INSERTED event,True,True,True,False,False,ORIGINAL,26.799790237915023,50.19999999999982,,0.0,False,,results/phase4c/formal/map8/seed_21002/A_original/attempt_01
map8,21002,A,Original,3,35,3,0.0,LOOP_INSERTED event,True,True,True,False,True,ORIGINAL,40.541971636651546,88.19999999999982,,0.0,False,,results/phase4c/formal/map8/seed_21002/A_original/attempt_01
map8,21002,B,Always-Trace,1,20,1,0.0,LOOP_INSERTED event,True,True,True,False,False,ALWAYS_TRACE,27.65511696211763,70.10000000000002,3.51,27.65511696211763,False,,results/phase4c/formal/map8/seed_21002/B_always_trace/attempt_01
map8,21002,B,Always-Trace,2,38,2,0.0,LOOP_INSERTED event,True,True,True,False,True,ALWAYS_TRACE,60.30881252047607,163.5999999999999,13.12,60.30881252047607,False,,results/phase4c/formal/map8/seed_21002/B_always_trace/attempt_01
map8,21002,B,Always-Trace,3,35,3,0.0,LOOP_INSERTED event,True,True,True,True,True,ALWAYS_TRACE,62.16659798153297,208.60000000000014,12.86,62.16659798153297,False,,results/phase4c/formal/map8/seed_21002/B_always_trace/attempt_01
map8,21002,C,Selective,1,20,1,12.0,LOOP_INSERTED event,True,True,True,False,True,SELECTIVE_REPAIR,10.36364719440585,14.199999999999932,10.03,10.36364719440585,True,10.029540433615834,results/phase4c/formal/map8/seed_21002/C_selective/attempt_02
map8,21002,C,Selective,2,38,2,12.0,LOOP_INSERTED event,True,True,True,False,True,SELECTIVE_REPAIR,30.316262300360375,85.29999999999995,12.19,30.316262300360375,True,3.999309788255023,results/phase4c/formal/map8/seed_21002/C_selective/attempt_02
map8,21002,C,Selective,3,35,3,12.0,LOOP_INSERTED event,True,True,True,True,False,NO_REPAIR,12.217095896286013,38.299999999999955,,0.0,False,,results/phase4c/formal/map8/seed_21002/C_selective/attempt_02
map8,21003,A,Original,1,20,1,0.0,LOOP_INSERTED event,True,True,True,False,True,ORIGINAL,15.119273863896185,31.799999999999955,,0.0,False,,results/phase4c/formal/map8/seed_21003/A_original/attempt_01
map8,21003,A,Original,2,38,2,0.0,LOOP_INSERTED event,True,True,True,True,False,ORIGINAL,23.307458313005174,47.5,,0.0,False,,results/phase4c/formal/map8/seed_21003/A_original/attempt_01
map8,21003,A,Original,3,35,3,0.0,LOOP_INSERTED event,True,True,True,False,False,ORIGINAL,18.81122382578702,57.90000000000009,,0.0,False,,results/phase4c/formal/map8/seed_21003/A_original/attempt_01
map8,21003,B,Always-Trace,1,20,1,0.0,LOOP_INSERTED event,True,True,True,False,True,ALWAYS_TRACE,23.55654407329962,60.299999999999955,3.65,23.55654407329962,False,,results/phase4c/formal/map8/seed_21003/B_always_trace/attempt_01
map8,21003,B,Always-Trace,2,38,2,0.0,LOOP_INSERTED event,True,True,True,False,True,ALWAYS_TRACE,50.186317506940966,139.19999999999982,12.52,50.186317506940966,False,,results/phase4c/formal/map8/seed_21003/B_always_trace/attempt_01
map8,21003,B,Always-Trace,3,35,3,0.0,LOOP_INSERTED event,True,True,True,False,False,ALWAYS_TRACE,50.78992956334457,132.0,13.13,50.78992956334457,False,,results/phase4c/formal/map8/seed_21003/B_always_trace/attempt_01
map8,21003,C,Selective,1,20,1,0.0,LOOP_INSERTED event,True,True,True,False,True,SELECTIVE_REPAIR,10.733800502477472,15.0,7.75,10.733800502477472,True,7.750147243052819,results/phase4c/formal/map8/seed_21003/C_selective/attempt_01
map8,21003,C,Selective,2,38,2,0.0,LOOP_INSERTED event,True,True,True,True,False,SELECTIVE_REPAIR,25.431154424048387,52.40000000000009,12.75,25.431154424048387,True,8.582906797654168,results/phase4c/formal/map8/seed_21003/C_selective/attempt_01
map8,21003,C,Selective,3,35,3,0.0,LOOP_INSERTED event,True,True,True,False,False,NO_REPAIR,19.411141888565705,48.0,,0.0,False,,results/phase4c/formal/map8/seed_21003/C_selective/attempt_01
map8,21004,A,Original,1,20,1,0.0,LOOP_INSERTED event,True,True,True,False,False,ORIGINAL,15.773712090390383,30.199999999999932,,0.0,False,,results/phase4c/formal/map8/seed_21004/A_original/attempt_01
map8,21004,A,Original,2,38,2,0.0,LOOP_INSERTED event,True,True,True,True,False,ORIGINAL,23.341362892236507,44.0,,0.0,False,,results/phase4c/formal/map8/seed_21004/A_original/attempt_01
map8,21004,A,Original,3,35,3,0.0,LOOP_INSERTED event,True,True,True,True,False,ORIGINAL,30.165704627423942,69.79999999999995,,0.0,False,,results/phase4c/formal/map8/seed_21004/A_original/attempt_01
map8,21004,B,Always-Trace,1,20,1,0.0,LOOP_INSERTED event,True,True,True,False,False,ALWAYS_TRACE,25.835352090446463,61.299999999999955,3.49,25.835352090446463,False,,results/phase4c/formal/map8/seed_21004/B_always_trace/attempt_01
map8,21004,B,Always-Trace,2,38,2,0.0,LOOP_INSERTED event,True,True,True,True,False,ALWAYS_TRACE,24.770467937696303,94.40000000000009,12.7,24.770467937696303,False,,results/phase4c/formal/map8/seed_21004/B_always_trace/attempt_01
map8,21004,B,Always-Trace,3,35,3,0.0,LOOP_INSERTED event,True,True,True,True,False,ALWAYS_TRACE,21.760520079978573,88.0,7.56,21.760520079978573,False,,results/phase4c/formal/map8/seed_21004/B_always_trace/attempt_01
map8,21004,C,Selective,1,20,1,0.0,LOOP_INSERTED event,True,True,True,False,True,SELECTIVE_REPAIR,11.405363389157037,16.100000000000023,12.03,11.405363389157037,True,12.027767177513743,results/phase4c/formal/map8/seed_21004/C_selective/attempt_01
map8,21004,C,Selective,2,38,2,0.0,LOOP_INSERTED event,True,True,True,False,False,SELECTIVE_REPAIR,38.53202941563552,114.39999999999998,12.05,38.53202941563552,False,,results/phase4c/formal/map8/seed_21004/C_selective/attempt_01
map8,21004,C,Selective,3,35,3,0.0,LOOP_INSERTED event,True,True,True,False,False,NO_REPAIR,24.17269381497982,62.69999999999982,,0.0,False,,results/phase4c/formal/map8/seed_21004/C_selective/attempt_01
map8,21005,A,Original,1,20,1,0.0,LOOP_INSERTED event,True,True,True,False,True,ORIGINAL,14.375879322119179,34.10000000000002,,0.0,False,,results/phase4c/formal/map8/seed_21005/A_original/attempt_01
map8,21005,A,Original,2,38,2,0.0,LOOP_INSERTED event,True,True,True,True,False,ORIGINAL,22.740656144703493,47.200000000000045,,0.0,False,,results/phase4c/formal/map8/seed_21005/A_original/attempt_01
map8,21005,A,Original,3,35,3,0.0,LOOP_INSERTED event,True,True,True,False,False,ORIGINAL,33.89467820559149,73.0,,0.0,False,,results/phase4c/formal/map8/seed_21005/A_original/attempt_01
map8,21005,B,Always-Trace,1,20,1,0.0,LOOP_INSERTED event,True,True,True,False,False,ALWAYS_TRACE,24.013667174870367,55.0,3.52,24.013667174870367,False,,results/phase4c/formal/map8/seed_21005/B_always_trace/attempt_01
map8,21005,B,Always-Trace,2,38,2,0.0,LOOP_INSERTED event,True,True,True,False,True,ALWAYS_TRACE,46.19510980175187,120.29999999999995,11.63,46.19510980175187,False,,results/phase4c/formal/map8/seed_21005/B_always_trace/attempt_01
map8,21005,B,Always-Trace,3,35,3,0.0,LOOP_INSERTED event,True,True,True,True,False,ALWAYS_TRACE,25.436968145787088,97.0,12.39,25.436968145787088,False,,results/phase4c/formal/map8/seed_21005/B_always_trace/attempt_01
map8,21005,C,Selective,1,20,1,0.0,LOOP_INSERTED event,True,True,True,False,True,SELECTIVE_REPAIR,8.9273712708103,12.299999999999955,12.05,8.9273712708103,True,12.045833615050203,results/phase4c/formal/map8/seed_21005/C_selective/attempt_01
map8,21005,C,Selective,2,38,2,0.0,LOOP_INSERTED event,True,True,True,True,False,SELECTIVE_REPAIR,25.301504616111234,34.299999999999955,12.03,25.301504616111234,True,12.03457186326659,results/phase4c/formal/map8/seed_21005/C_selective/attempt_01
map8,21005,C,Selective,3,35,3,0.0,LOOP_INSERTED event,True,True,True,False,False,NO_REPAIR,28.559698563558097,73.09999999999991,,0.0,False,,results/phase4c/formal/map8/seed_21005/C_selective/attempt_01
radish_mexico,21001,A,Original,1,59,1,8.4,LOOP_INSERTED event; execution never started,True,False,False,False,False,NOT_REACHED,,,,,False,,results/phase4c/formal/radish_mexico/seed_21001/A_original/attempt_01
radish_mexico,21001,A,Original,2,41,2,8.4,LOOP_INSERTED event; execution never started,True,False,False,False,False,NOT_REACHED,,,,,False,,results/phase4c/formal/radish_mexico/seed_21001/A_original/attempt_01
radish_mexico,21001,A,Original,3,82,3,8.4,LOOP_INSERTED event; execution never started,True,False,False,False,False,NOT_REACHED,,,,,False,,results/phase4c/formal/radish_mexico/seed_21001/A_original/attempt_01
radish_mexico,21001,A,Original,4,69,4,8.4,LOOP_INSERTED event; execution never started,True,False,False,False,False,NOT_REACHED,,,,,False,,results/phase4c/formal/radish_mexico/seed_21001/A_original/attempt_01
radish_mexico,21001,A,Original,5,58,5,8.4,LOOP_INSERTED event; execution never started,True,False,False,False,False,NOT_REACHED,,,,,False,,results/phase4c/formal/radish_mexico/seed_21001/A_original/attempt_01
radish_mexico,21001,A,Original,6,166,6,8.4,LOOP_INSERTED event; execution never started,True,False,False,False,False,NOT_REACHED,,,,,False,,results/phase4c/formal/radish_mexico/seed_21001/A_original/attempt_01
radish_mexico,21001,A,Original,7,87,7,8.4,LOOP_INSERTED event; execution never started,True,False,False,False,False,NOT_REACHED,,,,,False,,results/phase4c/formal/radish_mexico/seed_21001/A_original/attempt_01
radish_mexico,21001,A,Original,8,106,8,8.4,LOOP_INSERTED event; execution never started,True,False,False,False,False,NOT_REACHED,,,,,False,,results/phase4c/formal/radish_mexico/seed_21001/A_original/attempt_01
radish_mexico,21001,A,Original,9,100,9,8.4,LOOP_INSERTED event; execution never started,True,False,False,False,False,NOT_REACHED,,,,,False,,results/phase4c/formal/radish_mexico/seed_21001/A_original/attempt_01
radish_mexico,21001,A,Original,10,64,10,8.4,LOOP_INSERTED event; execution never started,True,False,False,False,False,NOT_REACHED,,,,,False,,results/phase4c/formal/radish_mexico/seed_21001/A_original/attempt_01
radish_mexico,21001,A,Original,11,65,11,8.4,LOOP_INSERTED event; execution never started,True,False,False,False,False,NOT_REACHED,,,,,False,,results/phase4c/formal/radish_mexico/seed_21001/A_original/attempt_01
radish_mexico,21001,B,Always-Trace,1,59,1,10.3,LOOP_INSERTED event; execution never started,True,False,False,False,False,NOT_REACHED,,,,,False,,results/phase4c/formal/radish_mexico/seed_21001/B_always_trace/attempt_01
radish_mexico,21001,B,Always-Trace,2,41,2,10.3,LOOP_INSERTED event; execution never started,True,False,False,False,False,NOT_REACHED,,,,,False,,results/phase4c/formal/radish_mexico/seed_21001/B_always_trace/attempt_01
radish_mexico,21001,B,Always-Trace,3,82,3,10.3,LOOP_INSERTED event; execution never started,True,False,False,False,False,NOT_REACHED,,,,,False,,results/phase4c/formal/radish_mexico/seed_21001/B_always_trace/attempt_01
radish_mexico,21001,B,Always-Trace,4,69,4,10.3,LOOP_INSERTED event; execution never started,True,False,False,False,False,NOT_REACHED,,,,,False,,results/phase4c/formal/radish_mexico/seed_21001/B_always_trace/attempt_01
radish_mexico,21001,B,Always-Trace,5,58,5,10.3,LOOP_INSERTED event; execution never started,True,False,False,False,False,NOT_REACHED,,,,,False,,results/phase4c/formal/radish_mexico/seed_21001/B_always_trace/attempt_01
radish_mexico,21001,B,Always-Trace,6,166,6,10.3,LOOP_INSERTED event; execution never started,True,False,False,False,False,NOT_REACHED,,,,,False,,results/phase4c/formal/radish_mexico/seed_21001/B_always_trace/attempt_01
radish_mexico,21001,B,Always-Trace,7,87,7,10.3,LOOP_INSERTED event; execution never started,True,False,False,False,False,NOT_REACHED,,,,,False,,results/phase4c/formal/radish_mexico/seed_21001/B_always_trace/attempt_01
radish_mexico,21001,B,Always-Trace,8,106,8,10.3,LOOP_INSERTED event; execution never started,True,False,False,False,False,NOT_REACHED,,,,,False,,results/phase4c/formal/radish_mexico/seed_21001/B_always_trace/attempt_01
radish_mexico,21001,B,Always-Trace,9,100,9,10.3,LOOP_INSERTED event; execution never started,True,False,False,False,False,NOT_REACHED,,,,,False,,results/phase4c/formal/radish_mexico/seed_21001/B_always_trace/attempt_01
radish_mexico,21001,B,Always-Trace,10,64,10,10.3,LOOP_INSERTED event; execution never started,True,False,False,False,False,NOT_REACHED,,,,,False,,results/phase4c/formal/radish_mexico/seed_21001/B_always_trace/attempt_01
radish_mexico,21001,B,Always-Trace,11,65,11,10.3,LOOP_INSERTED event; execution never started,True,False,False,False,False,NOT_REACHED,,,,,False,,results/phase4c/formal/radish_mexico/seed_21001/B_always_trace/attempt_01
radish_mexico,21001,C,Selective,1,59,1,10.6,LOOP_INSERTED event; execution never started,True,False,False,False,False,NOT_REACHED,,,,,False,,results/phase4c/formal/radish_mexico/seed_21001/C_selective/attempt_01
radish_mexico,21001,C,Selective,2,41,2,10.6,LOOP_INSERTED event; execution never started,True,False,False,False,False,NOT_REACHED,,,,,False,,results/phase4c/formal/radish_mexico/seed_21001/C_selective/attempt_01
radish_mexico,21001,C,Selective,3,82,3,10.6,LOOP_INSERTED event; execution never started,True,False,False,False,False,NOT_REACHED,,,,,False,,results/phase4c/formal/radish_mexico/seed_21001/C_selective/attempt_01
radish_mexico,21001,C,Selective,4,69,4,10.6,LOOP_INSERTED event; execution never started,True,False,False,False,False,NOT_REACHED,,,,,False,,results/phase4c/formal/radish_mexico/seed_21001/C_selective/attempt_01
radish_mexico,21001,C,Selective,5,58,5,10.6,LOOP_INSERTED event; execution never started,True,False,False,False,False,NOT_REACHED,,,,,False,,results/phase4c/formal/radish_mexico/seed_21001/C_selective/attempt_01
radish_mexico,21001,C,Selective,6,166,6,10.6,LOOP_INSERTED event; execution never started,True,False,False,False,False,NOT_REACHED,,,,,False,,results/phase4c/formal/radish_mexico/seed_21001/C_selective/attempt_01
radish_mexico,21001,C,Selective,7,87,7,10.6,LOOP_INSERTED event; execution never started,True,False,False,False,False,NOT_REACHED,,,,,False,,results/phase4c/formal/radish_mexico/seed_21001/C_selective/attempt_01
radish_mexico,21001,C,Selective,8,106,8,10.6,LOOP_INSERTED event; execution never started,True,False,False,False,False,NOT_REACHED,,,,,False,,results/phase4c/formal/radish_mexico/seed_21001/C_selective/attempt_01
radish_mexico,21001,C,Selective,9,100,9,10.6,LOOP_INSERTED event; execution never started,True,False,False,False,False,NOT_REACHED,,,,,False,,results/phase4c/formal/radish_mexico/seed_21001/C_selective/attempt_01
radish_mexico,21001,C,Selective,10,64,10,10.6,LOOP_INSERTED event; execution never started,True,False,False,False,False,NOT_REACHED,,,,,False,,results/phase4c/formal/radish_mexico/seed_21001/C_selective/attempt_01
radish_mexico,21001,C,Selective,11,65,11,10.6,LOOP_INSERTED event; execution never started,True,False,False,False,False,NOT_REACHED,,,,,False,,results/phase4c/formal/radish_mexico/seed_21001/C_selective/attempt_01
radish_mexico,21002,A,Original,1,59,1,24.4,LOOP_INSERTED event; execution never started,True,False,False,False,False,NOT_REACHED,,,,,False,,results/phase4c/formal/radish_mexico/seed_21002/A_original/attempt_02
radish_mexico,21002,A,Original,2,41,2,24.4,LOOP_INSERTED event; execution never started,True,False,False,False,False,NOT_REACHED,,,,,False,,results/phase4c/formal/radish_mexico/seed_21002/A_original/attempt_02
radish_mexico,21002,A,Original,3,82,3,24.4,LOOP_INSERTED event; execution never started,True,False,False,False,False,NOT_REACHED,,,,,False,,results/phase4c/formal/radish_mexico/seed_21002/A_original/attempt_02
radish_mexico,21002,A,Original,4,69,4,24.4,LOOP_INSERTED event; execution never started,True,False,False,False,False,NOT_REACHED,,,,,False,,results/phase4c/formal/radish_mexico/seed_21002/A_original/attempt_02
radish_mexico,21002,A,Original,5,58,5,24.4,LOOP_INSERTED event; execution never started,True,False,False,False,False,NOT_REACHED,,,,,False,,results/phase4c/formal/radish_mexico/seed_21002/A_original/attempt_02
radish_mexico,21002,A,Original,6,166,6,24.4,LOOP_INSERTED event; execution never started,True,False,False,False,False,NOT_REACHED,,,,,False,,results/phase4c/formal/radish_mexico/seed_21002/A_original/attempt_02
radish_mexico,21002,A,Original,7,87,7,24.4,LOOP_INSERTED event; execution never started,True,False,False,False,False,NOT_REACHED,,,,,False,,results/phase4c/formal/radish_mexico/seed_21002/A_original/attempt_02
radish_mexico,21002,A,Original,8,106,8,24.4,LOOP_INSERTED event; execution never started,True,False,False,False,False,NOT_REACHED,,,,,False,,results/phase4c/formal/radish_mexico/seed_21002/A_original/attempt_02
radish_mexico,21002,A,Original,9,100,9,24.4,LOOP_INSERTED event; execution never started,True,False,False,False,False,NOT_REACHED,,,,,False,,results/phase4c/formal/radish_mexico/seed_21002/A_original/attempt_02
radish_mexico,21002,A,Original,10,64,10,24.4,LOOP_INSERTED event; execution never started,True,False,False,False,False,NOT_REACHED,,,,,False,,results/phase4c/formal/radish_mexico/seed_21002/A_original/attempt_02
radish_mexico,21002,A,Original,11,65,11,24.4,LOOP_INSERTED event; execution never started,True,False,False,False,False,NOT_REACHED,,,,,False,,results/phase4c/formal/radish_mexico/seed_21002/A_original/attempt_02
radish_mexico,21002,B,Always-Trace,1,59,1,24.2,LOOP_INSERTED event; execution never started,True,False,False,False,False,NOT_REACHED,,,,,False,,results/phase4c/formal/radish_mexico/seed_21002/B_always_trace/attempt_02
radish_mexico,21002,B,Always-Trace,2,41,2,24.2,LOOP_INSERTED event; execution never started,True,False,False,False,False,NOT_REACHED,,,,,False,,results/phase4c/formal/radish_mexico/seed_21002/B_always_trace/attempt_02
radish_mexico,21002,B,Always-Trace,3,82,3,24.2,LOOP_INSERTED event; execution never started,True,False,False,False,False,NOT_REACHED,,,,,False,,results/phase4c/formal/radish_mexico/seed_21002/B_always_trace/attempt_02
radish_mexico,21002,B,Always-Trace,4,69,4,24.2,LOOP_INSERTED event; execution never started,True,False,False,False,False,NOT_REACHED,,,,,False,,results/phase4c/formal/radish_mexico/seed_21002/B_always_trace/attempt_02
radish_mexico,21002,B,Always-Trace,5,58,5,24.2,LOOP_INSERTED event; execution never started,True,False,False,False,False,NOT_REACHED,,,,,False,,results/phase4c/formal/radish_mexico/seed_21002/B_always_trace/attempt_02
radish_mexico,21002,B,Always-Trace,6,166,6,24.2,LOOP_INSERTED event; execution never started,True,False,False,False,False,NOT_REACHED,,,,,False,,results/phase4c/formal/radish_mexico/seed_21002/B_always_trace/attempt_02
radish_mexico,21002,B,Always-Trace,7,87,7,24.2,LOOP_INSERTED event; execution never started,True,False,False,False,False,NOT_REACHED,,,,,False,,results/phase4c/formal/radish_mexico/seed_21002/B_always_trace/attempt_02
radish_mexico,21002,B,Always-Trace,8,106,8,24.2,LOOP_INSERTED event; execution never started,True,False,False,False,False,NOT_REACHED,,,,,False,,results/phase4c/formal/radish_mexico/seed_21002/B_always_trace/attempt_02
radish_mexico,21002,B,Always-Trace,9,100,9,24.2,LOOP_INSERTED event; execution never started,True,False,False,False,False,NOT_REACHED,,,,,False,,results/phase4c/formal/radish_mexico/seed_21002/B_always_trace/attempt_02
radish_mexico,21002,B,Always-Trace,10,64,10,24.2,LOOP_INSERTED event; execution never started,True,False,False,False,False,NOT_REACHED,,,,,False,,results/phase4c/formal/radish_mexico/seed_21002/B_always_trace/attempt_02
radish_mexico,21002,B,Always-Trace,11,65,11,24.2,LOOP_INSERTED event; execution never started,True,False,False,False,False,NOT_REACHED,,,,,False,,results/phase4c/formal/radish_mexico/seed_21002/B_always_trace/attempt_02
radish_mexico,21002,C,Selective,1,59,1,6.7,LOOP_INSERTED event; execution never started,True,False,False,False,False,NOT_REACHED,,,,,False,,results/phase4c/formal/radish_mexico/seed_21002/C_selective/attempt_01
radish_mexico,21002,C,Selective,2,41,2,6.7,LOOP_INSERTED event; execution never started,True,False,False,False,False,NOT_REACHED,,,,,False,,results/phase4c/formal/radish_mexico/seed_21002/C_selective/attempt_01
radish_mexico,21002,C,Selective,3,82,3,6.7,LOOP_INSERTED event; execution never started,True,False,False,False,False,NOT_REACHED,,,,,False,,results/phase4c/formal/radish_mexico/seed_21002/C_selective/attempt_01
radish_mexico,21002,C,Selective,4,69,4,6.7,LOOP_INSERTED event; execution never started,True,False,False,False,False,NOT_REACHED,,,,,False,,results/phase4c/formal/radish_mexico/seed_21002/C_selective/attempt_01
radish_mexico,21002,C,Selective,5,58,5,6.7,LOOP_INSERTED event; execution never started,True,False,False,False,False,NOT_REACHED,,,,,False,,results/phase4c/formal/radish_mexico/seed_21002/C_selective/attempt_01
radish_mexico,21002,C,Selective,6,166,6,6.7,LOOP_INSERTED event; execution never started,True,False,False,False,False,NOT_REACHED,,,,,False,,results/phase4c/formal/radish_mexico/seed_21002/C_selective/attempt_01
radish_mexico,21002,C,Selective,7,87,7,6.7,LOOP_INSERTED event; execution never started,True,False,False,False,False,NOT_REACHED,,,,,False,,results/phase4c/formal/radish_mexico/seed_21002/C_selective/attempt_01
radish_mexico,21002,C,Selective,8,106,8,6.7,LOOP_INSERTED event; execution never started,True,False,False,False,False,NOT_REACHED,,,,,False,,results/phase4c/formal/radish_mexico/seed_21002/C_selective/attempt_01
radish_mexico,21002,C,Selective,9,100,9,6.7,LOOP_INSERTED event; execution never started,True,False,False,False,False,NOT_REACHED,,,,,False,,results/phase4c/formal/radish_mexico/seed_21002/C_selective/attempt_01
radish_mexico,21002,C,Selective,10,64,10,6.7,LOOP_INSERTED event; execution never started,True,False,False,False,False,NOT_REACHED,,,,,False,,results/phase4c/formal/radish_mexico/seed_21002/C_selective/attempt_01
radish_mexico,21002,C,Selective,11,65,11,6.7,LOOP_INSERTED event; execution never started,True,False,False,False,False,NOT_REACHED,,,,,False,,results/phase4c/formal/radish_mexico/seed_21002/C_selective/attempt_01
radish_mexico,21003,A,Original,1,59,1,11.7,LOOP_INSERTED event; execution never started,True,False,False,False,False,NOT_REACHED,,,,,False,,results/phase4c/formal/radish_mexico/seed_21003/A_original/attempt_01
radish_mexico,21003,A,Original,2,41,2,11.7,LOOP_INSERTED event; execution never started,True,False,False,False,False,NOT_REACHED,,,,,False,,results/phase4c/formal/radish_mexico/seed_21003/A_original/attempt_01
radish_mexico,21003,A,Original,3,82,3,11.7,LOOP_INSERTED event; execution never started,True,False,False,False,False,NOT_REACHED,,,,,False,,results/phase4c/formal/radish_mexico/seed_21003/A_original/attempt_01
radish_mexico,21003,A,Original,4,69,4,11.7,LOOP_INSERTED event; execution never started,True,False,False,False,False,NOT_REACHED,,,,,False,,results/phase4c/formal/radish_mexico/seed_21003/A_original/attempt_01
radish_mexico,21003,A,Original,5,58,5,11.7,LOOP_INSERTED event; execution never started,True,False,False,False,False,NOT_REACHED,,,,,False,,results/phase4c/formal/radish_mexico/seed_21003/A_original/attempt_01
radish_mexico,21003,A,Original,6,166,6,11.7,LOOP_INSERTED event; execution never started,True,False,False,False,False,NOT_REACHED,,,,,False,,results/phase4c/formal/radish_mexico/seed_21003/A_original/attempt_01
radish_mexico,21003,A,Original,7,87,7,11.7,LOOP_INSERTED event; execution never started,True,False,False,False,False,NOT_REACHED,,,,,False,,results/phase4c/formal/radish_mexico/seed_21003/A_original/attempt_01
radish_mexico,21003,A,Original,8,106,8,11.7,LOOP_INSERTED event; execution never started,True,False,False,False,False,NOT_REACHED,,,,,False,,results/phase4c/formal/radish_mexico/seed_21003/A_original/attempt_01
radish_mexico,21003,A,Original,9,100,9,11.7,LOOP_INSERTED event; execution never started,True,False,False,False,False,NOT_REACHED,,,,,False,,results/phase4c/formal/radish_mexico/seed_21003/A_original/attempt_01
radish_mexico,21003,A,Original,10,64,10,11.7,LOOP_INSERTED event; execution never started,True,False,False,False,False,NOT_REACHED,,,,,False,,results/phase4c/formal/radish_mexico/seed_21003/A_original/attempt_01
radish_mexico,21003,A,Original,11,65,11,11.7,LOOP_INSERTED event; execution never started,True,False,False,False,False,NOT_REACHED,,,,,False,,results/phase4c/formal/radish_mexico/seed_21003/A_original/attempt_01
radish_mexico,21003,B,Always-Trace,1,59,1,10.7,LOOP_INSERTED event; execution never started,True,False,False,False,False,NOT_REACHED,,,,,False,,results/phase4c/formal/radish_mexico/seed_21003/B_always_trace/attempt_01
radish_mexico,21003,B,Always-Trace,2,41,2,10.7,LOOP_INSERTED event; execution never started,True,False,False,False,False,NOT_REACHED,,,,,False,,results/phase4c/formal/radish_mexico/seed_21003/B_always_trace/attempt_01
radish_mexico,21003,B,Always-Trace,3,82,3,10.7,LOOP_INSERTED event; execution never started,True,False,False,False,False,NOT_REACHED,,,,,False,,results/phase4c/formal/radish_mexico/seed_21003/B_always_trace/attempt_01
radish_mexico,21003,B,Always-Trace,4,69,4,10.7,LOOP_INSERTED event; execution never started,True,False,False,False,False,NOT_REACHED,,,,,False,,results/phase4c/formal/radish_mexico/seed_21003/B_always_trace/attempt_01
radish_mexico,21003,B,Always-Trace,5,58,5,10.7,LOOP_INSERTED event; execution never started,True,False,False,False,False,NOT_REACHED,,,,,False,,results/phase4c/formal/radish_mexico/seed_21003/B_always_trace/attempt_01
radish_mexico,21003,B,Always-Trace,6,166,6,10.7,LOOP_INSERTED event; execution never started,True,False,False,False,False,NOT_REACHED,,,,,False,,results/phase4c/formal/radish_mexico/seed_21003/B_always_trace/attempt_01
radish_mexico,21003,B,Always-Trace,7,87,7,10.7,LOOP_INSERTED event; execution never started,True,False,False,False,False,NOT_REACHED,,,,,False,,results/phase4c/formal/radish_mexico/seed_21003/B_always_trace/attempt_01
radish_mexico,21003,B,Always-Trace,8,106,8,10.7,LOOP_INSERTED event; execution never started,True,False,False,False,False,NOT_REACHED,,,,,False,,results/phase4c/formal/radish_mexico/seed_21003/B_always_trace/attempt_01
radish_mexico,21003,B,Always-Trace,9,100,9,10.7,LOOP_INSERTED event; execution never started,True,False,False,False,False,NOT_REACHED,,,,,False,,results/phase4c/formal/radish_mexico/seed_21003/B_always_trace/attempt_01
radish_mexico,21003,B,Always-Trace,10,64,10,10.7,LOOP_INSERTED event; execution never started,True,False,False,False,False,NOT_REACHED,,,,,False,,results/phase4c/formal/radish_mexico/seed_21003/B_always_trace/attempt_01
radish_mexico,21003,B,Always-Trace,11,65,11,10.7,LOOP_INSERTED event; execution never started,True,False,False,False,False,NOT_REACHED,,,,,False,,results/phase4c/formal/radish_mexico/seed_21003/B_always_trace/attempt_01
radish_mexico,21003,C,Selective,1,59,1,12.9,LOOP_INSERTED event; execution never started,True,False,False,False,False,NOT_REACHED,,,,,False,,results/phase4c/formal/radish_mexico/seed_21003/C_selective/attempt_01
radish_mexico,21003,C,Selective,2,41,2,12.9,LOOP_INSERTED event; execution never started,True,False,False,False,False,NOT_REACHED,,,,,False,,results/phase4c/formal/radish_mexico/seed_21003/C_selective/attempt_01
radish_mexico,21003,C,Selective,3,82,3,12.9,LOOP_INSERTED event; execution never started,True,False,False,False,False,NOT_REACHED,,,,,False,,results/phase4c/formal/radish_mexico/seed_21003/C_selective/attempt_01
radish_mexico,21003,C,Selective,4,69,4,12.9,LOOP_INSERTED event; execution never started,True,False,False,False,False,NOT_REACHED,,,,,False,,results/phase4c/formal/radish_mexico/seed_21003/C_selective/attempt_01
radish_mexico,21003,C,Selective,5,58,5,12.9,LOOP_INSERTED event; execution never started,True,False,False,False,False,NOT_REACHED,,,,,False,,results/phase4c/formal/radish_mexico/seed_21003/C_selective/attempt_01
radish_mexico,21003,C,Selective,6,166,6,12.9,LOOP_INSERTED event; execution never started,True,False,False,False,False,NOT_REACHED,,,,,False,,results/phase4c/formal/radish_mexico/seed_21003/C_selective/attempt_01
radish_mexico,21003,C,Selective,7,87,7,12.9,LOOP_INSERTED event; execution never started,True,False,False,False,False,NOT_REACHED,,,,,False,,results/phase4c/formal/radish_mexico/seed_21003/C_selective/attempt_01
radish_mexico,21003,C,Selective,8,106,8,12.9,LOOP_INSERTED event; execution never started,True,False,False,False,False,NOT_REACHED,,,,,False,,results/phase4c/formal/radish_mexico/seed_21003/C_selective/attempt_01
radish_mexico,21003,C,Selective,9,100,9,12.9,LOOP_INSERTED event; execution never started,True,False,False,False,False,NOT_REACHED,,,,,False,,results/phase4c/formal/radish_mexico/seed_21003/C_selective/attempt_01
radish_mexico,21003,C,Selective,10,64,10,12.9,LOOP_INSERTED event; execution never started,True,False,False,False,False,NOT_REACHED,,,,,False,,results/phase4c/formal/radish_mexico/seed_21003/C_selective/attempt_01
radish_mexico,21003,C,Selective,11,65,11,12.9,LOOP_INSERTED event; execution never started,True,False,False,False,False,NOT_REACHED,,,,,False,,results/phase4c/formal/radish_mexico/seed_21003/C_selective/attempt_01
radish_mexico,21004,A,Original,1,59,1,7.7,LOOP_INSERTED event; execution never started,True,False,False,False,False,NOT_REACHED,,,,,False,,results/phase4c/formal/radish_mexico/seed_21004/A_original/attempt_01
radish_mexico,21004,A,Original,2,41,2,7.7,LOOP_INSERTED event; execution never started,True,False,False,False,False,NOT_REACHED,,,,,False,,results/phase4c/formal/radish_mexico/seed_21004/A_original/attempt_01
radish_mexico,21004,A,Original,3,82,3,7.7,LOOP_INSERTED event; execution never started,True,False,False,False,False,NOT_REACHED,,,,,False,,results/phase4c/formal/radish_mexico/seed_21004/A_original/attempt_01
radish_mexico,21004,A,Original,4,69,4,7.7,LOOP_INSERTED event; execution never started,True,False,False,False,False,NOT_REACHED,,,,,False,,results/phase4c/formal/radish_mexico/seed_21004/A_original/attempt_01
radish_mexico,21004,A,Original,5,58,5,7.7,LOOP_INSERTED event; execution never started,True,False,False,False,False,NOT_REACHED,,,,,False,,results/phase4c/formal/radish_mexico/seed_21004/A_original/attempt_01
radish_mexico,21004,A,Original,6,166,6,7.7,LOOP_INSERTED event; execution never started,True,False,False,False,False,NOT_REACHED,,,,,False,,results/phase4c/formal/radish_mexico/seed_21004/A_original/attempt_01
radish_mexico,21004,A,Original,7,87,7,7.7,LOOP_INSERTED event; execution never started,True,False,False,False,False,NOT_REACHED,,,,,False,,results/phase4c/formal/radish_mexico/seed_21004/A_original/attempt_01
radish_mexico,21004,A,Original,8,106,8,7.7,LOOP_INSERTED event; execution never started,True,False,False,False,False,NOT_REACHED,,,,,False,,results/phase4c/formal/radish_mexico/seed_21004/A_original/attempt_01
radish_mexico,21004,A,Original,9,100,9,7.7,LOOP_INSERTED event; execution never started,True,False,False,False,False,NOT_REACHED,,,,,False,,results/phase4c/formal/radish_mexico/seed_21004/A_original/attempt_01
radish_mexico,21004,A,Original,10,64,10,7.7,LOOP_INSERTED event; execution never started,True,False,False,False,False,NOT_REACHED,,,,,False,,results/phase4c/formal/radish_mexico/seed_21004/A_original/attempt_01
radish_mexico,21004,A,Original,11,65,11,7.7,LOOP_INSERTED event; execution never started,True,False,False,False,False,NOT_REACHED,,,,,False,,results/phase4c/formal/radish_mexico/seed_21004/A_original/attempt_01
radish_mexico,21004,B,Always-Trace,1,59,1,18.4,LOOP_INSERTED event; execution never started,True,False,False,False,False,NOT_REACHED,,,,,False,,results/phase4c/formal/radish_mexico/seed_21004/B_always_trace/attempt_02
radish_mexico,21004,B,Always-Trace,2,41,2,18.4,LOOP_INSERTED event; execution never started,True,False,False,False,False,NOT_REACHED,,,,,False,,results/phase4c/formal/radish_mexico/seed_21004/B_always_trace/attempt_02
radish_mexico,21004,B,Always-Trace,3,82,3,18.4,LOOP_INSERTED event; execution never started,True,False,False,False,False,NOT_REACHED,,,,,False,,results/phase4c/formal/radish_mexico/seed_21004/B_always_trace/attempt_02
radish_mexico,21004,B,Always-Trace,4,69,4,18.4,LOOP_INSERTED event; execution never started,True,False,False,False,False,NOT_REACHED,,,,,False,,results/phase4c/formal/radish_mexico/seed_21004/B_always_trace/attempt_02
radish_mexico,21004,B,Always-Trace,5,58,5,18.4,LOOP_INSERTED event; execution never started,True,False,False,False,False,NOT_REACHED,,,,,False,,results/phase4c/formal/radish_mexico/seed_21004/B_always_trace/attempt_02
radish_mexico,21004,B,Always-Trace,6,166,6,18.4,LOOP_INSERTED event; execution never started,True,False,False,False,False,NOT_REACHED,,,,,False,,results/phase4c/formal/radish_mexico/seed_21004/B_always_trace/attempt_02
radish_mexico,21004,B,Always-Trace,7,87,7,18.4,LOOP_INSERTED event; execution never started,True,False,False,False,False,NOT_REACHED,,,,,False,,results/phase4c/formal/radish_mexico/seed_21004/B_always_trace/attempt_02
radish_mexico,21004,B,Always-Trace,8,106,8,18.4,LOOP_INSERTED event; execution never started,True,False,False,False,False,NOT_REACHED,,,,,False,,results/phase4c/formal/radish_mexico/seed_21004/B_always_trace/attempt_02
radish_mexico,21004,B,Always-Trace,9,100,9,18.4,LOOP_INSERTED event; execution never started,True,False,False,False,False,NOT_REACHED,,,,,False,,results/phase4c/formal/radish_mexico/seed_21004/B_always_trace/attempt_02
radish_mexico,21004,B,Always-Trace,10,64,10,18.4,LOOP_INSERTED event; execution never started,True,False,False,False,False,NOT_REACHED,,,,,False,,results/phase4c/formal/radish_mexico/seed_21004/B_always_trace/attempt_02
radish_mexico,21004,B,Always-Trace,11,65,11,18.4,LOOP_INSERTED event; execution never started,True,False,False,False,False,NOT_REACHED,,,,,False,,results/phase4c/formal/radish_mexico/seed_21004/B_always_trace/attempt_02
radish_mexico,21004,C,Selective,1,59,1,7.2,LOOP_INSERTED event; execution never started,True,False,False,False,False,NOT_REACHED,,,,,False,,results/phase4c/formal/radish_mexico/seed_21004/C_selective/attempt_01
radish_mexico,21004,C,Selective,2,41,2,7.2,LOOP_INSERTED event; execution never started,True,False,False,False,False,NOT_REACHED,,,,,False,,results/phase4c/formal/radish_mexico/seed_21004/C_selective/attempt_01
radish_mexico,21004,C,Selective,3,82,3,7.2,LOOP_INSERTED event; execution never started,True,False,False,False,False,NOT_REACHED,,,,,False,,results/phase4c/formal/radish_mexico/seed_21004/C_selective/attempt_01
radish_mexico,21004,C,Selective,4,69,4,7.2,LOOP_INSERTED event; execution never started,True,False,False,False,False,NOT_REACHED,,,,,False,,results/phase4c/formal/radish_mexico/seed_21004/C_selective/attempt_01
radish_mexico,21004,C,Selective,5,58,5,7.2,LOOP_INSERTED event; execution never started,True,False,False,False,False,NOT_REACHED,,,,,False,,results/phase4c/formal/radish_mexico/seed_21004/C_selective/attempt_01
radish_mexico,21004,C,Selective,6,166,6,7.2,LOOP_INSERTED event; execution never started,True,False,False,False,False,NOT_REACHED,,,,,False,,results/phase4c/formal/radish_mexico/seed_21004/C_selective/attempt_01
radish_mexico,21004,C,Selective,7,87,7,7.2,LOOP_INSERTED event; execution never started,True,False,False,False,False,NOT_REACHED,,,,,False,,results/phase4c/formal/radish_mexico/seed_21004/C_selective/attempt_01
radish_mexico,21004,C,Selective,8,106,8,7.2,LOOP_INSERTED event; execution never started,True,False,False,False,False,NOT_REACHED,,,,,False,,results/phase4c/formal/radish_mexico/seed_21004/C_selective/attempt_01
radish_mexico,21004,C,Selective,9,100,9,7.2,LOOP_INSERTED event; execution never started,True,False,False,False,False,NOT_REACHED,,,,,False,,results/phase4c/formal/radish_mexico/seed_21004/C_selective/attempt_01
radish_mexico,21004,C,Selective,10,64,10,7.2,LOOP_INSERTED event; execution never started,True,False,False,False,False,NOT_REACHED,,,,,False,,results/phase4c/formal/radish_mexico/seed_21004/C_selective/attempt_01
radish_mexico,21004,C,Selective,11,65,11,7.2,LOOP_INSERTED event; execution never started,True,False,False,False,False,NOT_REACHED,,,,,False,,results/phase4c/formal/radish_mexico/seed_21004/C_selective/attempt_01
radish_mexico,21005,A,Original,1,59,1,3.6,LOOP_INSERTED event; execution never started,True,False,False,False,False,NOT_REACHED,,,,,False,,results/phase4c/formal/radish_mexico/seed_21005/A_original/attempt_01
radish_mexico,21005,A,Original,2,41,2,3.6,LOOP_INSERTED event; execution never started,True,False,False,False,False,NOT_REACHED,,,,,False,,results/phase4c/formal/radish_mexico/seed_21005/A_original/attempt_01
radish_mexico,21005,A,Original,3,82,3,3.6,LOOP_INSERTED event; execution never started,True,False,False,False,False,NOT_REACHED,,,,,False,,results/phase4c/formal/radish_mexico/seed_21005/A_original/attempt_01
radish_mexico,21005,A,Original,4,69,4,3.6,LOOP_INSERTED event; execution never started,True,False,False,False,False,NOT_REACHED,,,,,False,,results/phase4c/formal/radish_mexico/seed_21005/A_original/attempt_01
radish_mexico,21005,A,Original,5,58,5,3.6,LOOP_INSERTED event; execution never started,True,False,False,False,False,NOT_REACHED,,,,,False,,results/phase4c/formal/radish_mexico/seed_21005/A_original/attempt_01
radish_mexico,21005,A,Original,6,166,6,3.6,LOOP_INSERTED event; execution never started,True,False,False,False,False,NOT_REACHED,,,,,False,,results/phase4c/formal/radish_mexico/seed_21005/A_original/attempt_01
radish_mexico,21005,A,Original,7,87,7,3.6,LOOP_INSERTED event; execution never started,True,False,False,False,False,NOT_REACHED,,,,,False,,results/phase4c/formal/radish_mexico/seed_21005/A_original/attempt_01
radish_mexico,21005,A,Original,8,106,8,3.6,LOOP_INSERTED event; execution never started,True,False,False,False,False,NOT_REACHED,,,,,False,,results/phase4c/formal/radish_mexico/seed_21005/A_original/attempt_01
radish_mexico,21005,A,Original,9,100,9,3.6,LOOP_INSERTED event; execution never started,True,False,False,False,False,NOT_REACHED,,,,,False,,results/phase4c/formal/radish_mexico/seed_21005/A_original/attempt_01
radish_mexico,21005,A,Original,10,153,10,3.6,LOOP_INSERTED event; execution never started,True,False,False,False,False,NOT_REACHED,,,,,False,,results/phase4c/formal/radish_mexico/seed_21005/A_original/attempt_01
radish_mexico,21005,A,Original,11,65,11,3.6,LOOP_INSERTED event; execution never started,True,False,False,False,False,NOT_REACHED,,,,,False,,results/phase4c/formal/radish_mexico/seed_21005/A_original/attempt_01
radish_mexico,21005,B,Always-Trace,1,59,1,2.3,LOOP_INSERTED event; execution never started,True,False,False,False,False,NOT_REACHED,,,,,False,,results/phase4c/formal/radish_mexico/seed_21005/B_always_trace/attempt_01
radish_mexico,21005,B,Always-Trace,2,41,2,2.3,LOOP_INSERTED event; execution never started,True,False,False,False,False,NOT_REACHED,,,,,False,,results/phase4c/formal/radish_mexico/seed_21005/B_always_trace/attempt_01
radish_mexico,21005,B,Always-Trace,3,82,3,2.3,LOOP_INSERTED event; execution never started,True,False,False,False,False,NOT_REACHED,,,,,False,,results/phase4c/formal/radish_mexico/seed_21005/B_always_trace/attempt_01
radish_mexico,21005,B,Always-Trace,4,69,4,2.3,LOOP_INSERTED event; execution never started,True,False,False,False,False,NOT_REACHED,,,,,False,,results/phase4c/formal/radish_mexico/seed_21005/B_always_trace/attempt_01
radish_mexico,21005,B,Always-Trace,5,58,5,2.3,LOOP_INSERTED event; execution never started,True,False,False,False,False,NOT_REACHED,,,,,False,,results/phase4c/formal/radish_mexico/seed_21005/B_always_trace/attempt_01
radish_mexico,21005,B,Always-Trace,6,166,6,2.3,LOOP_INSERTED event; execution never started,True,False,False,False,False,NOT_REACHED,,,,,False,,results/phase4c/formal/radish_mexico/seed_21005/B_always_trace/attempt_01
radish_mexico,21005,B,Always-Trace,7,87,7,2.3,LOOP_INSERTED event; execution never started,True,False,False,False,False,NOT_REACHED,,,,,False,,results/phase4c/formal/radish_mexico/seed_21005/B_always_trace/attempt_01
radish_mexico,21005,B,Always-Trace,8,106,8,2.3,LOOP_INSERTED event; execution never started,True,False,False,False,False,NOT_REACHED,,,,,False,,results/phase4c/formal/radish_mexico/seed_21005/B_always_trace/attempt_01
radish_mexico,21005,B,Always-Trace,9,100,9,2.3,LOOP_INSERTED event; execution never started,True,False,False,False,False,NOT_REACHED,,,,,False,,results/phase4c/formal/radish_mexico/seed_21005/B_always_trace/attempt_01
radish_mexico,21005,B,Always-Trace,10,153,10,2.3,LOOP_INSERTED event; execution never started,True,False,False,False,False,NOT_REACHED,,,,,False,,results/phase4c/formal/radish_mexico/seed_21005/B_always_trace/attempt_01
radish_mexico,21005,B,Always-Trace,11,65,11,2.3,LOOP_INSERTED event; execution never started,True,False,False,False,False,NOT_REACHED,,,,,False,,results/phase4c/formal/radish_mexico/seed_21005/B_always_trace/attempt_01
radish_mexico,21005,C,Selective,1,59,1,2.6,LOOP_INSERTED event; execution never started,True,False,False,False,False,NOT_REACHED,,,,,False,,results/phase4c/formal/radish_mexico/seed_21005/C_selective/attempt_01
radish_mexico,21005,C,Selective,2,41,2,2.6,LOOP_INSERTED event; execution never started,True,False,False,False,False,NOT_REACHED,,,,,False,,results/phase4c/formal/radish_mexico/seed_21005/C_selective/attempt_01
radish_mexico,21005,C,Selective,3,82,3,2.6,LOOP_INSERTED event; execution never started,True,False,False,False,False,NOT_REACHED,,,,,False,,results/phase4c/formal/radish_mexico/seed_21005/C_selective/attempt_01
radish_mexico,21005,C,Selective,4,69,4,2.6,LOOP_INSERTED event; execution never started,True,False,False,False,False,NOT_REACHED,,,,,False,,results/phase4c/formal/radish_mexico/seed_21005/C_selective/attempt_01
radish_mexico,21005,C,Selective,5,58,5,2.6,LOOP_INSERTED event; execution never started,True,False,False,False,False,NOT_REACHED,,,,,False,,results/phase4c/formal/radish_mexico/seed_21005/C_selective/attempt_01
radish_mexico,21005,C,Selective,6,166,6,2.6,LOOP_INSERTED event; execution never started,True,False,False,False,False,NOT_REACHED,,,,,False,,results/phase4c/formal/radish_mexico/seed_21005/C_selective/attempt_01
radish_mexico,21005,C,Selective,7,87,7,2.6,LOOP_INSERTED event; execution never started,True,False,False,False,False,NOT_REACHED,,,,,False,,results/phase4c/formal/radish_mexico/seed_21005/C_selective/attempt_01
radish_mexico,21005,C,Selective,8,106,8,2.6,LOOP_INSERTED event; execution never started,True,False,False,False,False,NOT_REACHED,,,,,False,,results/phase4c/formal/radish_mexico/seed_21005/C_selective/attempt_01
radish_mexico,21005,C,Selective,9,100,9,2.6,LOOP_INSERTED event; execution never started,True,False,False,False,False,NOT_REACHED,,,,,False,,results/phase4c/formal/radish_mexico/seed_21005/C_selective/attempt_01
radish_mexico,21005,C,Selective,10,153,10,2.6,LOOP_INSERTED event; execution never started,True,False,False,False,False,NOT_REACHED,,,,,False,,results/phase4c/formal/radish_mexico/seed_21005/C_selective/attempt_01
radish_mexico,21005,C,Selective,11,65,11,2.6,LOOP_INSERTED event; execution never started,True,False,False,False,False,NOT_REACHED,,,,,False,,results/phase4c/formal/radish_mexico/seed_21005/C_selective/attempt_01
