map,seed,contrast,metric,left_value,right_value,difference
map3,21001,C-A,target_realization_rate,0.0,0.0,0.0
map3,21001,C-A,active_loop_distance_m,101.20340042595504,66.77195318445614,34.4314472414989
map3,21001,C-A,active_loop_time_s,326.9000000000001,224.90000000000032,101.99999999999977
map3,21001,C-A,ape_rmse_m,0.604666,1.931035,-1.3263690000000001
map3,21001,C-A,rpe_translation_rmse_m,0.052307,0.033705,0.018602
map3,21001,C-A,rpe_rotation_rmse_deg,0.243688,0.208282,0.03540599999999999
map3,21001,C-A,boundary_f1,0.5237270070678571,0.391957362057004,0.13176964501085314
map3,21001,C-A,symmetric_boundary_distance_mean_m,0.47632899927642014,0.7622317676106767,-0.28590276833425654
map3,21001,C-A,local_boundary_f1_mean,0.6785507246376812,0.013888888888888888,0.6646618357487923
map3,21001,C-A,local_symmetric_boundary_distance_mean_m,0.21739492169447677,1.9620203174959068,-1.74462539580143
map3,21001,C-A,local_observed_coverage_mean,0.9980370704080319,0.9986162955335307,-0.0005792251254987946
map3,21001,B-A,target_realization_rate,0.0,0.0,0.0
map3,21001,B-A,active_loop_distance_m,145.6834775554711,66.77195318445614,78.91152437101495
map3,21001,B-A,active_loop_time_s,450.4000000000002,224.90000000000032,225.4999999999999
map3,21001,B-A,ape_rmse_m,0.560084,1.931035,-1.370951
map3,21001,B-A,rpe_translation_rmse_m,0.062831,0.033705,0.029126
map3,21001,B-A,rpe_rotation_rmse_deg,0.308477,0.208282,0.100195
map3,21001,B-A,boundary_f1,0.4361416862266569,0.391957362057004,0.0441843241696529
map3,21001,B-A,symmetric_boundary_distance_mean_m,0.4969520226149495,0.7622317676106767,-0.2652797449957272
map3,21001,B-A,local_boundary_f1_mean,0.615702479338843,0.013888888888888888,0.6018135904499542
map3,21001,B-A,local_symmetric_boundary_distance_mean_m,0.3785248447736063,1.9620203174959068,-1.5834954727223005
map3,21001,B-A,local_observed_coverage_mean,0.9991955206590295,0.9986162955335307,0.0005792251254987946
map3,21001,C-B,target_realization_rate,0.0,0.0,0.0
map3,21001,C-B,active_loop_distance_m,101.20340042595504,145.6834775554711,-44.48007712951605
map3,21001,C-B,active_loop_time_s,326.9000000000001,450.4000000000002,-123.50000000000011
map3,21001,C-B,ape_rmse_m,0.604666,0.560084,0.04458200000000001
map3,21001,C-B,rpe_translation_rmse_m,0.052307,0.062831,-0.010523999999999999
map3,21001,C-B,rpe_rotation_rmse_deg,0.243688,0.308477,-0.06478900000000001
map3,21001,C-B,boundary_f1,0.5237270070678571,0.4361416862266569,0.08758532084120024
map3,21001,C-B,symmetric_boundary_distance_mean_m,0.47632899927642014,0.4969520226149495,-0.020623023338529334
map3,21001,C-B,local_boundary_f1_mean,0.6785507246376812,0.615702479338843,0.06284824529883815
map3,21001,C-B,local_symmetric_boundary_distance_mean_m,0.21739492169447677,0.3785248447736063,-0.16112992307912954
map3,21001,C-B,local_observed_coverage_mean,0.9980370704080319,0.9991955206590295,-0.0011584502509975891
map3,21002,C-A,target_realization_rate,0.0,0.0,0.0
map3,21002,C-A,active_loop_distance_m,66.86503965675882,57.999168481480226,8.865871175278599
map3,21002,C-A,active_loop_time_s,239.49999999999994,167.0,72.49999999999994
map3,21002,C-A,ape_rmse_m,1.15693,0.2401,0.91683
map3,21002,C-A,rpe_translation_rmse_m,0.044769,0.034865,0.009904000000000003
map3,21002,C-A,rpe_rotation_rmse_deg,0.211664,0.209592,0.0020719999999999905
map3,21002,C-A,boundary_f1,0.32782043482885925,0.5585871364291201,-0.2307667016002608
map3,21002,C-A,symmetric_boundary_distance_mean_m,0.6803233504839454,0.38562071087325794,0.2947026396106875
map3,21002,C-A,local_boundary_f1_mean,0.0,1.0,-1.0
map3,21002,C-A,local_symmetric_boundary_distance_mean_m,1.2043485667547118,0.0,1.2043485667547118
map3,21002,C-A,local_observed_coverage_mean,0.9981550607113743,0.9882867807954692,0.00986827991590511
map3,21002,B-A,target_realization_rate,0.0,0.0,0.0
map3,21002,B-A,active_loop_distance_m,112.53003632893194,57.999168481480226,54.53086784745172
map3,21002,B-A,active_loop_time_s,347.49999999999994,167.0,180.49999999999994
map3,21002,B-A,ape_rmse_m,0.508673,0.2401,0.26857300000000006
map3,21002,B-A,rpe_translation_rmse_m,0.074704,0.034865,0.039839000000000006
map3,21002,B-A,rpe_rotation_rmse_deg,0.36275,0.209592,0.15315800000000002
map3,21002,B-A,boundary_f1,0.4522551282746637,0.5585871364291201,-0.10633200815445637
map3,21002,B-A,symmetric_boundary_distance_mean_m,0.45887606614870136,0.38562071087325794,0.07325535527544341
map3,21002,B-A,local_boundary_f1_mean,0.0,1.0,-1.0
map3,21002,B-A,local_symmetric_boundary_distance_mean_m,0.9296258583420758,0.0,0.9296258583420758
map3,21002,B-A,local_observed_coverage_mean,0.9973827605440425,0.9882867807954692,0.009095979748573346
map3,21002,C-B,target_realization_rate,0.0,0.0,0.0
map3,21002,C-B,active_loop_distance_m,66.86503965675882,112.53003632893194,-45.66499667217312
map3,21002,C-B,active_loop_time_s,239.49999999999994,347.49999999999994,-108.0
map3,21002,C-B,ape_rmse_m,1.15693,0.508673,0.648257
map3,21002,C-B,rpe_translation_rmse_m,0.044769,0.074704,-0.029935000000000003
map3,21002,C-B,rpe_rotation_rmse_deg,0.211664,0.36275,-0.15108600000000003
map3,21002,C-B,boundary_f1,0.32782043482885925,0.4522551282746637,-0.12443469344580443
map3,21002,C-B,symmetric_boundary_distance_mean_m,0.6803233504839454,0.45887606614870136,0.22144728433524408
map3,21002,C-B,local_boundary_f1_mean,0.0,0.0,0.0
map3,21002,C-B,local_symmetric_boundary_distance_mean_m,1.2043485667547118,0.9296258583420758,0.274722708412636
map3,21002,C-B,local_observed_coverage_mean,0.9981550607113743,0.9973827605440425,0.0007723001673317631
map3,21003,C-A,target_realization_rate,0.25,0.0,0.25
map3,21003,C-A,active_loop_distance_m,111.16884556379901,97.33768317459291,13.8311623892061
map3,21003,C-A,active_loop_time_s,356.9,310.9999999999999,45.90000000000009
map3,21003,C-A,ape_rmse_m,0.506671,0.622606,-0.11593500000000001
map3,21003,C-A,rpe_translation_rmse_m,0.043322,0.052417,-0.009094999999999999
map3,21003,C-A,rpe_rotation_rmse_deg,0.263487,0.337893,-0.07440599999999997
map3,21003,C-A,boundary_f1,0.48550994461069896,0.4622214850226168,0.023288459588082178
map3,21003,C-A,symmetric_boundary_distance_mean_m,0.4392681235502786,0.4445643063876865,-0.005296182837407903
map3,21003,C-A,local_boundary_f1_mean,0.048543689320388356,0.6734778982485404,-0.6249342089281521
map3,21003,C-A,local_symmetric_boundary_distance_mean_m,0.3494875105533627,0.22290418017014654,0.12658333038321615
map3,21003,C-A,local_observed_coverage_mean,0.9964281117260909,0.9993568934384466,-0.002928781712355666
map3,21003,B-A,target_realization_rate,0.0,0.0,0.0
map3,21003,B-A,active_loop_distance_m,143.23976177465525,97.33768317459291,45.90207860006234
map3,21003,B-A,active_loop_time_s,487.2999999999999,310.9999999999999,176.3
map3,21003,B-A,ape_rmse_m,1.043301,0.622606,0.42069500000000004
map3,21003,B-A,rpe_translation_rmse_m,0.079285,0.052417,0.026867999999999996
map3,21003,B-A,rpe_rotation_rmse_deg,0.502674,0.337893,0.16478099999999996
map3,21003,B-A,boundary_f1,0.5234996555466301,0.4622214850226168,0.06127817052401335
map3,21003,B-A,symmetric_boundary_distance_mean_m,0.5283644826327049,0.4445643063876865,0.08380017624501834
map3,21003,B-A,local_boundary_f1_mean,0.017647058823529415,0.6734778982485404,-0.655830839425011
map3,21003,B-A,local_symmetric_boundary_distance_mean_m,1.7397130794740758,0.22290418017014654,1.5168088993039293
map3,21003,B-A,local_observed_coverage_mean,0.9986162955335307,0.9993568934384466,-0.000740597904915874
map3,21003,C-B,target_realization_rate,0.25,0.0,0.25
map3,21003,C-B,active_loop_distance_m,111.16884556379901,143.23976177465525,-32.07091621085624
map3,21003,C-B,active_loop_time_s,356.9,487.2999999999999,-130.39999999999992
map3,21003,C-B,ape_rmse_m,0.506671,1.043301,-0.53663
map3,21003,C-B,rpe_translation_rmse_m,0.043322,0.079285,-0.035962999999999995
map3,21003,C-B,rpe_rotation_rmse_deg,0.263487,0.502674,-0.23918699999999993
map3,21003,C-B,boundary_f1,0.48550994461069896,0.5234996555466301,-0.037989710935931176
map3,21003,C-B,symmetric_boundary_distance_mean_m,0.4392681235502786,0.5283644826327049,-0.08909635908242625
map3,21003,C-B,local_boundary_f1_mean,0.048543689320388356,0.017647058823529415,0.03089663049685894
map3,21003,C-B,local_symmetric_boundary_distance_mean_m,0.3494875105533627,1.7397130794740758,-1.3902255689207133
map3,21003,C-B,local_observed_coverage_mean,0.9964281117260909,0.9986162955335307,-0.002188183807439792
map3,21004,C-A,target_realization_rate,0.0,0.0,0.0
map3,21004,C-A,active_loop_distance_m,156.1804701857195,106.08225816693728,50.098212018782235
map3,21004,C-A,active_loop_time_s,484.30000000000007,263.30000000000007,221.0
map3,21004,C-A,ape_rmse_m,0.493636,1.823823,-1.330187
map3,21004,C-A,rpe_translation_rmse_m,0.041905,0.032476,0.009429
map3,21004,C-A,rpe_rotation_rmse_deg,0.257093,0.140586,0.11650700000000003
map3,21004,C-A,boundary_f1,0.5455183656132634,0.3242843198320291,0.2212340457812343
map3,21004,C-A,symmetric_boundary_distance_mean_m,0.4178422105916319,0.8525366573718709,-0.434694446780239
map3,21004,C-A,local_boundary_f1_mean,0.26865671641791045,0.1283623417721519,0.14029437464575856
map3,21004,C-A,local_symmetric_boundary_distance_mean_m,0.24006404740299553,1.0081293591005664,-0.7680653116975709
map3,21004,C-A,local_observed_coverage_mean,0.9954176856738318,0.9801206686939189,0.015297016979912925
map3,21004,B-A,target_realization_rate,0.0,0.0,0.0
map3,21004,B-A,active_loop_distance_m,214.26747958957338,106.08225816693728,108.1852214226361
map3,21004,B-A,active_loop_time_s,649.4,263.30000000000007,386.0999999999999
map3,21004,B-A,ape_rmse_m,0.603357,1.823823,-1.220466
map3,21004,B-A,rpe_translation_rmse_m,0.074388,0.032476,0.041912
map3,21004,B-A,rpe_rotation_rmse_deg,0.2876,0.140586,0.14701400000000003
map3,21004,B-A,boundary_f1,0.5265400200548099,0.3242843198320291,0.20225570022278083
map3,21004,B-A,symmetric_boundary_distance_mean_m,0.45334169375708416,0.8525366573718709,-0.39919496361478674
map3,21004,B-A,local_boundary_f1_mean,0.5401531999011614,0.1283623417721519,0.4117908581290095
map3,21004,B-A,local_symmetric_boundary_distance_mean_m,0.1404958621538775,1.0081293591005664,-0.867633496946689
map3,21004,B-A,local_observed_coverage_mean,0.9943881428818788,0.9801206686939189,0.014267474187959928
map3,21004,C-B,target_realization_rate,0.0,0.0,0.0
map3,21004,C-B,active_loop_distance_m,156.1804701857195,214.26747958957338,-58.08700940385387
map3,21004,C-B,active_loop_time_s,484.30000000000007,649.4,-165.0999999999999
map3,21004,C-B,ape_rmse_m,0.493636,0.603357,-0.10972100000000001
map3,21004,C-B,rpe_translation_rmse_m,0.041905,0.074388,-0.032483
map3,21004,C-B,rpe_rotation_rmse_deg,0.257093,0.2876,-0.030507000000000006
map3,21004,C-B,boundary_f1,0.5455183656132634,0.5265400200548099,0.018978345558453458
map3,21004,C-B,symmetric_boundary_distance_mean_m,0.4178422105916319,0.45334169375708416,-0.03549948316545226
map3,21004,C-B,local_boundary_f1_mean,0.26865671641791045,0.5401531999011614,-0.27149648348325095
map3,21004,C-B,local_symmetric_boundary_distance_mean_m,0.24006404740299553,0.1404958621538775,0.09956818524911804
map3,21004,C-B,local_observed_coverage_mean,0.9954176856738318,0.9943881428818788,0.0010295427919529976
map3,21005,C-A,target_realization_rate,0.0,0.0,0.0
map3,21005,C-A,active_loop_distance_m,89.22066889622546,116.1428786048083,-26.92220970858284
map3,21005,C-A,active_loop_time_s,235.79999999999995,320.4999999999999,-84.69999999999993
map3,21005,C-A,ape_rmse_m,0.842854,0.801703,0.04115099999999994
map3,21005,C-A,rpe_translation_rmse_m,0.035097,0.034755,0.000342000000000002
map3,21005,C-A,rpe_rotation_rmse_deg,0.210086,0.180242,0.02984399999999998
map3,21005,C-A,boundary_f1,0.3651249199189656,0.3158841371973536,0.04924078272161203
map3,21005,C-A,symmetric_boundary_distance_mean_m,0.585727790290711,0.6023020541700921,-0.0165742638793811
map3,21005,C-A,local_boundary_f1_mean,0.2497831743278404,0.17094017094017092,0.07884300338766947
map3,21005,C-A,local_symmetric_boundary_distance_mean_m,0.614980728409569,0.4307432744851811,0.18423745392438784
map3,21005,C-A,local_observed_coverage_mean,0.9887190557319603,0.9863019943653469,0.002417061366613349
map3,21005,B-A,target_realization_rate,0.0,0.0,0.0
map3,21005,B-A,active_loop_distance_m,251.98799159745928,116.1428786048083,135.84511299265097
map3,21005,B-A,active_loop_time_s,1085.9999999999995,320.4999999999999,765.4999999999997
map3,21005,B-A,ape_rmse_m,0.905463,0.801703,0.10375999999999996
map3,21005,B-A,rpe_translation_rmse_m,0.067362,0.034755,0.032607000000000004
map3,21005,B-A,rpe_rotation_rmse_deg,1.328437,0.180242,1.148195
map3,21005,B-A,boundary_f1,0.5841958433903082,0.3158841371973536,0.2683117061929546
map3,21005,B-A,symmetric_boundary_distance_mean_m,0.44784819836779094,0.6023020541700921,-0.15445385580230114
map3,21005,B-A,local_boundary_f1_mean,0.160135425351828,0.17094017094017092,-0.010804745588342907
map3,21005,B-A,local_symmetric_boundary_distance_mean_m,0.7624685595684204,0.4307432744851811,0.3317252850832393
map3,21005,B-A,local_observed_coverage_mean,0.9977941353279235,0.9863019943653469,0.011492140962576558
map3,21005,C-B,target_realization_rate,0.0,0.0,0.0
map3,21005,C-B,active_loop_distance_m,89.22066889622546,251.98799159745928,-162.7673227012338
map3,21005,C-B,active_loop_time_s,235.79999999999995,1085.9999999999995,-850.1999999999996
map3,21005,C-B,ape_rmse_m,0.842854,0.905463,-0.06260900000000003
map3,21005,C-B,rpe_translation_rmse_m,0.035097,0.067362,-0.032265
map3,21005,C-B,rpe_rotation_rmse_deg,0.210086,1.328437,-1.118351
map3,21005,C-B,boundary_f1,0.3651249199189656,0.5841958433903082,-0.21907092347134255
map3,21005,C-B,symmetric_boundary_distance_mean_m,0.585727790290711,0.44784819836779094,0.13787959192292004
map3,21005,C-B,local_boundary_f1_mean,0.2497831743278404,0.160135425351828,0.08964774897601238
map3,21005,C-B,local_symmetric_boundary_distance_mean_m,0.614980728409569,0.7624685595684204,-0.14748783115885145
map3,21005,C-B,local_observed_coverage_mean,0.9887190557319603,0.9977941353279235,-0.009075079595963209
map8,21001,C-A,target_realization_rate,0.3333333333333333,0.3333333333333333,0.0
map8,21001,C-A,active_loop_distance_m,73.25431763179553,65.70233671962887,7.5519809121666555
map8,21001,C-A,active_loop_time_s,174.69999999999993,148.10000000000002,26.59999999999991
map8,21001,C-A,ape_rmse_m,0.245396,0.217264,0.02813199999999999
map8,21001,C-A,rpe_translation_rmse_m,0.032536,0.03648,-0.003943999999999996
map8,21001,C-A,rpe_rotation_rmse_deg,0.16742,0.200958,-0.033537999999999984
map8,21001,C-A,boundary_f1,0.5307200838677341,0.5298503404723359,0.000869743395398137
map8,21001,C-A,symmetric_boundary_distance_mean_m,0.22813800665345607,0.22416851026550405,0.003969496387952021
map8,21001,C-A,local_boundary_f1_mean,0.5537876288000826,0.7896069646404604,-0.23581933584037784
map8,21001,C-A,local_symmetric_boundary_distance_mean_m,0.1892600022890268,0.1547578623312455,0.034502139957781314
map8,21001,C-A,local_observed_coverage_mean,0.9470048169977275,0.9480256715474699,-0.0010208545497423227
map8,21001,B-A,target_realization_rate,0.3333333333333333,0.3333333333333333,0.0
map8,21001,B-A,active_loop_distance_m,90.11826231467404,65.70233671962887,24.415925595045167
map8,21001,B-A,active_loop_time_s,281.29999999999995,148.10000000000002,133.19999999999993
map8,21001,B-A,ape_rmse_m,0.067969,0.217264,-0.149295
map8,21001,B-A,rpe_translation_rmse_m,0.039602,0.03648,0.0031219999999999998
map8,21001,B-A,rpe_rotation_rmse_deg,0.277712,0.200958,0.07675400000000002
map8,21001,B-A,boundary_f1,0.556820948476236,0.5298503404723359,0.026970608003900054
map8,21001,B-A,symmetric_boundary_distance_mean_m,0.2211689223756077,0.22416851026550405,-0.002999587889896349
map8,21001,B-A,local_boundary_f1_mean,0.7751002238704897,0.7896069646404604,-0.014506740769970716
map8,21001,B-A,local_symmetric_boundary_distance_mean_m,0.1447761553469789,0.1547578623312455,-0.009981706984266592
map8,21001,B-A,local_observed_coverage_mean,0.9437485876746123,0.9480256715474699,-0.004277083872857523
map8,21001,C-B,target_realization_rate,0.3333333333333333,0.3333333333333333,0.0
map8,21001,C-B,active_loop_distance_m,73.25431763179553,90.11826231467404,-16.86394468287851
map8,21001,C-B,active_loop_time_s,174.69999999999993,281.29999999999995,-106.60000000000002
map8,21001,C-B,ape_rmse_m,0.245396,0.067969,0.177427
map8,21001,C-B,rpe_translation_rmse_m,0.032536,0.039602,-0.007065999999999996
map8,21001,C-B,rpe_rotation_rmse_deg,0.16742,0.277712,-0.110292
map8,21001,C-B,boundary_f1,0.5307200838677341,0.556820948476236,-0.026100864608501917
map8,21001,C-B,symmetric_boundary_distance_mean_m,0.22813800665345607,0.2211689223756077,0.00696908427784837
map8,21001,C-B,local_boundary_f1_mean,0.5537876288000826,0.7751002238704897,-0.22131259507040713
map8,21001,C-B,local_symmetric_boundary_distance_mean_m,0.1892600022890268,0.1447761553469789,0.044483846942047905
map8,21001,C-B,local_observed_coverage_mean,0.9470048169977275,0.9437485876746123,0.0032562293231152006
map8,21002,C-A,target_realization_rate,0.3333333333333333,0.0,0.3333333333333333
map8,21002,C-A,active_loop_distance_m,52.89700539105224,80.89008503945752,-27.993079648405278
map8,21002,C-A,active_loop_time_s,137.79999999999984,166.49999999999966,-28.699999999999818
map8,21002,C-A,ape_rmse_m,0.085834,0.116864,-0.031030000000000002
map8,21002,C-A,rpe_translation_rmse_m,0.036568,0.036359,0.00020900000000000085
map8,21002,C-A,rpe_rotation_rmse_deg,0.196656,0.156456,0.040199999999999986
map8,21002,C-A,boundary_f1,0.6159777210699289,0.6229881055379191,-0.007010384467990183
map8,21002,C-A,symmetric_boundary_distance_mean_m,0.2038328186853971,0.1939904730294235,0.009842345655973611
map8,21002,C-A,local_boundary_f1_mean,0.5945647684821656,0.726157804948377,-0.13159303646621145
map8,21002,C-A,local_symmetric_boundary_distance_mean_m,0.23459024090425673,0.14655816110466693,0.0880320797995898
map8,21002,C-A,local_observed_coverage_mean,0.9426330597382718,0.9422892069880672,0.000343852750204654
map8,21002,B-A,target_realization_rate,0.3333333333333333,0.0,0.3333333333333333
map8,21002,B-A,active_loop_distance_m,150.13052746412666,80.89008503945752,69.24044242466914
map8,21002,B-A,active_loop_time_s,442.30000000000007,166.49999999999966,275.8000000000004
map8,21002,B-A,ape_rmse_m,0.098679,0.116864,-0.018184999999999993
map8,21002,B-A,rpe_translation_rmse_m,0.036908,0.036359,0.0005490000000000009
map8,21002,B-A,rpe_rotation_rmse_deg,0.265662,0.156456,0.109206
map8,21002,B-A,boundary_f1,0.6162623719453872,0.6229881055379191,-0.006725733592531813
map8,21002,B-A,symmetric_boundary_distance_mean_m,0.1912738699822964,0.1939904730294235,-0.002716603047127092
map8,21002,B-A,local_boundary_f1_mean,0.8239740915824552,0.726157804948377,0.09781628663407815
map8,21002,B-A,local_symmetric_boundary_distance_mean_m,0.13585581253842896,0.14655816110466693,-0.010702348566237974
map8,21002,B-A,local_observed_coverage_mean,0.9461468749869401,0.9422892069880672,0.0038576679988728824
map8,21002,C-B,target_realization_rate,0.3333333333333333,0.3333333333333333,0.0
map8,21002,C-B,active_loop_distance_m,52.89700539105224,150.13052746412666,-97.23352207307443
map8,21002,C-B,active_loop_time_s,137.79999999999984,442.30000000000007,-304.5000000000002
map8,21002,C-B,ape_rmse_m,0.085834,0.098679,-0.01284500000000001
map8,21002,C-B,rpe_translation_rmse_m,0.036568,0.036908,-0.00034
map8,21002,C-B,rpe_rotation_rmse_deg,0.196656,0.265662,-0.06900600000000001
map8,21002,C-B,boundary_f1,0.6159777210699289,0.6162623719453872,-0.00028465087545836987
map8,21002,C-B,symmetric_boundary_distance_mean_m,0.2038328186853971,0.1912738699822964,0.012558948703100703
map8,21002,C-B,local_boundary_f1_mean,0.5945647684821656,0.8239740915824552,-0.2294093231002896
map8,21002,C-B,local_symmetric_boundary_distance_mean_m,0.23459024090425673,0.13585581253842896,0.09873442836582777
map8,21002,C-B,local_observed_coverage_mean,0.9426330597382718,0.9461468749869401,-0.0035138152486682284
map8,21003,C-A,target_realization_rate,0.3333333333333333,0.3333333333333333,0.0
map8,21003,C-A,active_loop_distance_m,55.57609681509156,57.23795600268838,-1.6618591875968178
map8,21003,C-A,active_loop_time_s,115.40000000000009,137.20000000000005,-21.799999999999955
map8,21003,C-A,ape_rmse_m,0.152886,0.108662,0.044224
map8,21003,C-A,rpe_translation_rmse_m,0.031988,0.035006,-0.003018
map8,21003,C-A,rpe_rotation_rmse_deg,0.183652,0.177136,0.006516000000000022
map8,21003,C-A,boundary_f1,0.5461778504267958,0.6057069773276745,-0.05952912690087875
map8,21003,C-A,symmetric_boundary_distance_mean_m,0.21295009305687274,0.20038885074798085,0.012561242308891885
map8,21003,C-A,local_boundary_f1_mean,0.6144922930355643,0.6820581546630956,-0.06756586162753131
map8,21003,C-A,local_symmetric_boundary_distance_mean_m,0.186553592910896,0.15613246633157477,0.030421126579321223
map8,21003,C-A,local_observed_coverage_mean,0.9436508489361999,0.9455943312658155,-0.001943482329615609
map8,21003,B-A,target_realization_rate,0.0,0.3333333333333333,-0.3333333333333333
map8,21003,B-A,active_loop_distance_m,124.53279114358516,57.23795600268838,67.29483514089678
map8,21003,B-A,active_loop_time_s,331.4999999999998,137.20000000000005,194.29999999999973
map8,21003,B-A,ape_rmse_m,0.149552,0.108662,0.040889999999999996
map8,21003,B-A,rpe_translation_rmse_m,0.030933,0.035006,-0.004073000000000004
map8,21003,B-A,rpe_rotation_rmse_deg,0.163991,0.177136,-0.01314499999999999
map8,21003,B-A,boundary_f1,0.6027607635147488,0.6057069773276745,-0.002946213812925702
map8,21003,B-A,symmetric_boundary_distance_mean_m,0.19505865386142673,0.20038885074798085,-0.005330196886554117
map8,21003,B-A,local_boundary_f1_mean,0.7347570537651569,0.6820581546630956,0.05269889910206127
map8,21003,B-A,local_symmetric_boundary_distance_mean_m,0.17678933340204864,0.15613246633157477,0.020656867070473872
map8,21003,B-A,local_observed_coverage_mean,0.9498405975729951,0.9455943312658155,0.004246266307179614
map8,21003,C-B,target_realization_rate,0.3333333333333333,0.0,0.3333333333333333
map8,21003,C-B,active_loop_distance_m,55.57609681509156,124.53279114358516,-68.9566943284936
map8,21003,C-B,active_loop_time_s,115.40000000000009,331.4999999999998,-216.09999999999968
map8,21003,C-B,ape_rmse_m,0.152886,0.149552,0.0033340000000000036
map8,21003,C-B,rpe_translation_rmse_m,0.031988,0.030933,0.0010550000000000039
map8,21003,C-B,rpe_rotation_rmse_deg,0.183652,0.163991,0.019661000000000012
map8,21003,C-B,boundary_f1,0.5461778504267958,0.6027607635147488,-0.056582913087953046
map8,21003,C-B,symmetric_boundary_distance_mean_m,0.21295009305687274,0.19505865386142673,0.017891439195446
map8,21003,C-B,local_boundary_f1_mean,0.6144922930355643,0.7347570537651569,-0.12026476072959258
map8,21003,C-B,local_symmetric_boundary_distance_mean_m,0.186553592910896,0.17678933340204864,0.00976425950884735
map8,21003,C-B,local_observed_coverage_mean,0.9436508489361999,0.9498405975729951,-0.006189748636795223
map8,21004,C-A,target_realization_rate,0.0,0.6666666666666666,-0.6666666666666666
map8,21004,C-A,active_loop_distance_m,74.11008661977237,69.28077961005083,4.829307009721546
map8,21004,C-A,active_loop_time_s,193.19999999999982,143.9999999999999,49.19999999999993
map8,21004,C-A,ape_rmse_m,0.238372,0.102795,0.135577
map8,21004,C-A,rpe_translation_rmse_m,0.029256,0.029541,-0.00028500000000000053
map8,21004,C-A,rpe_rotation_rmse_deg,0.257163,0.178018,0.07914499999999997
map8,21004,C-A,boundary_f1,0.5497619076142074,0.6734082015191403,-0.12364629390493287
map8,21004,C-A,symmetric_boundary_distance_mean_m,0.21714319543156807,0.18037636072715602,0.036766834704412055
map8,21004,C-A,local_boundary_f1_mean,0.7123847334931194,0.8953790503326373,-0.18299431683951795
map8,21004,C-A,local_symmetric_boundary_distance_mean_m,0.23051300406243644,0.1359550563138523,0.09455794774858414
map8,21004,C-A,local_observed_coverage_mean,0.9505896066350238,0.9442983249741962,0.006291281660827597
map8,21004,B-A,target_realization_rate,0.6666666666666666,0.6666666666666666,0.0
map8,21004,B-A,active_loop_distance_m,72.36634010812134,69.28077961005083,3.0855604980705067
map8,21004,B-A,active_loop_time_s,243.70000000000005,143.9999999999999,99.70000000000016
map8,21004,B-A,ape_rmse_m,0.17954,0.102795,0.07674500000000001
map8,21004,B-A,rpe_translation_rmse_m,0.029517,0.029541,-2.3999999999999716e-05
map8,21004,B-A,rpe_rotation_rmse_deg,0.176473,0.178018,-0.0015450000000000186
map8,21004,B-A,boundary_f1,0.6332497253247285,0.6734082015191403,-0.04015847619441182
map8,21004,B-A,symmetric_boundary_distance_mean_m,0.19617783175154724,0.18037636072715602,0.015801471024391223
map8,21004,B-A,local_boundary_f1_mean,0.6379801536878981,0.8953790503326373,-0.25739889664473925
map8,21004,B-A,local_symmetric_boundary_distance_mean_m,0.1815522509596498,0.1359550563138523,0.045597194645797506
map8,21004,B-A,local_observed_coverage_mean,0.9413507287967185,0.9442983249741962,-0.0029475961774776405
map8,21004,C-B,target_realization_rate,0.0,0.6666666666666666,-0.6666666666666666
map8,21004,C-B,active_loop_distance_m,74.11008661977237,72.36634010812134,1.7437465116510396
map8,21004,C-B,active_loop_time_s,193.19999999999982,243.70000000000005,-50.50000000000023
map8,21004,C-B,ape_rmse_m,0.238372,0.17954,0.058831999999999995
map8,21004,C-B,rpe_translation_rmse_m,0.029256,0.029517,-0.0002610000000000008
map8,21004,C-B,rpe_rotation_rmse_deg,0.257163,0.176473,0.08068999999999998
map8,21004,C-B,boundary_f1,0.5497619076142074,0.6332497253247285,-0.08348781771052105
map8,21004,C-B,symmetric_boundary_distance_mean_m,0.21714319543156807,0.19617783175154724,0.020965363680020832
map8,21004,C-B,local_boundary_f1_mean,0.7123847334931194,0.6379801536878981,0.0744045798052213
map8,21004,C-B,local_symmetric_boundary_distance_mean_m,0.23051300406243644,0.1815522509596498,0.048960753102786636
map8,21004,C-B,local_observed_coverage_mean,0.9505896066350238,0.9413507287967185,0.009238877838305237
map8,21005,C-A,target_realization_rate,0.3333333333333333,0.3333333333333333,0.0
map8,21005,C-A,active_loop_distance_m,62.78857445047963,71.01121367241416,-8.222639221934529
map8,21005,C-A,active_loop_time_s,119.69999999999982,154.30000000000007,-34.60000000000025
map8,21005,C-A,ape_rmse_m,0.172268,0.144062,0.02820600000000001
map8,21005,C-A,rpe_translation_rmse_m,0.029788,0.031821,-0.0020330000000000036
map8,21005,C-A,rpe_rotation_rmse_deg,0.284289,0.19648,0.08780900000000003
map8,21005,C-A,boundary_f1,0.5857206714893199,0.560106262259414,0.025614409229905988
map8,21005,C-A,symmetric_boundary_distance_mean_m,0.21571463737956353,0.21069505373920452,0.00501958364035901
map8,21005,C-A,local_boundary_f1_mean,0.7186315877062848,0.6529477978185741,0.06568378988771062
map8,21005,C-A,local_symmetric_boundary_distance_mean_m,0.15558547238625695,0.17259296046279463,-0.01700748807653768
map8,21005,C-A,local_observed_coverage_mean,0.9483844947657171,0.945465539232862,0.0029189555328550387
map8,21005,B-A,target_realization_rate,0.3333333333333333,0.3333333333333333,0.0
map8,21005,B-A,active_loop_distance_m,95.64574512240932,71.01121367241416,24.634531449995166
map8,21005,B-A,active_loop_time_s,272.29999999999995,154.30000000000007,117.99999999999989
map8,21005,B-A,ape_rmse_m,0.10278,0.144062,-0.041282
map8,21005,B-A,rpe_translation_rmse_m,0.031146,0.031821,-0.000675000000000002
map8,21005,B-A,rpe_rotation_rmse_deg,0.177476,0.19648,-0.019003999999999993
map8,21005,B-A,boundary_f1,0.6158489581138847,0.560106262259414,0.05574269585447078
map8,21005,B-A,symmetric_boundary_distance_mean_m,0.19126013744305514,0.21069505373920452,-0.01943491629614938
map8,21005,B-A,local_boundary_f1_mean,0.82088432256988,0.6529477978185741,0.16793652475130583
map8,21005,B-A,local_symmetric_boundary_distance_mean_m,0.12198385896663892,0.17259296046279463,-0.0506091014961557
map8,21005,B-A,local_observed_coverage_mean,0.9444868758436672,0.945465539232862,-0.0009786633891948338
map8,21005,C-B,target_realization_rate,0.3333333333333333,0.3333333333333333,0.0
map8,21005,C-B,active_loop_distance_m,62.78857445047963,95.64574512240932,-32.857170671929694
map8,21005,C-B,active_loop_time_s,119.69999999999982,272.29999999999995,-152.60000000000014
map8,21005,C-B,ape_rmse_m,0.172268,0.10278,0.06948800000000001
map8,21005,C-B,rpe_translation_rmse_m,0.029788,0.031146,-0.0013580000000000016
map8,21005,C-B,rpe_rotation_rmse_deg,0.284289,0.177476,0.10681300000000002
map8,21005,C-B,boundary_f1,0.5857206714893199,0.6158489581138847,-0.030128286624564793
map8,21005,C-B,symmetric_boundary_distance_mean_m,0.21571463737956353,0.19126013744305514,0.02445449993650839
map8,21005,C-B,local_boundary_f1_mean,0.7186315877062848,0.82088432256988,-0.10225273486359521
map8,21005,C-B,local_symmetric_boundary_distance_mean_m,0.15558547238625695,0.12198385896663892,0.03360161341961802
map8,21005,C-B,local_observed_coverage_mean,0.9483844947657171,0.9444868758436672,0.0038976189220498725
radish_mexico,21001,C-A,target_realization_rate,,,
radish_mexico,21001,C-A,active_loop_distance_m,0,0,0.0
radish_mexico,21001,C-A,active_loop_time_s,0,0,0.0
radish_mexico,21001,C-A,ape_rmse_m,0.366718,23.733064,-23.366346
radish_mexico,21001,C-A,rpe_translation_rmse_m,0.022312,0.14037,-0.118058
radish_mexico,21001,C-A,rpe_rotation_rmse_deg,1.222574,9.086027,-7.863453
radish_mexico,21001,C-A,boundary_f1,0.15319005003153224,0.16301956081071195,-0.009829510779179707
radish_mexico,21001,C-A,symmetric_boundary_distance_mean_m,1.588626351564836,1.4930006488995828,0.09562570266525316
radish_mexico,21001,C-A,local_boundary_f1_mean,0.057244482367126086,0.07098731256940033,-0.013742830202274244
radish_mexico,21001,C-A,local_symmetric_boundary_distance_mean_m,1.4796157411916198,1.4586419837478413,0.020973757443778496
radish_mexico,21001,C-A,local_observed_coverage_mean,0.9114171214861063,0.9381639795879554,-0.02674685810184907
radish_mexico,21001,B-A,target_realization_rate,,,
radish_mexico,21001,B-A,active_loop_distance_m,0,0,0.0
radish_mexico,21001,B-A,active_loop_time_s,0,0,0.0
radish_mexico,21001,B-A,ape_rmse_m,0.080903,23.733064,-23.652161
radish_mexico,21001,B-A,rpe_translation_rmse_m,0.046343,0.14037,-0.094027
radish_mexico,21001,B-A,rpe_rotation_rmse_deg,4.292764,9.086027,-4.793263
radish_mexico,21001,B-A,boundary_f1,0.1541670108165509,0.16301956081071195,-0.008852549994161046
radish_mexico,21001,B-A,symmetric_boundary_distance_mean_m,1.6058171483533012,1.4930006488995828,0.11281649945371841
radish_mexico,21001,B-A,local_boundary_f1_mean,0.062436498494624314,0.07098731256940033,-0.008550814074776016
radish_mexico,21001,B-A,local_symmetric_boundary_distance_mean_m,1.461611354657357,1.4586419837478413,0.002969370909515767
radish_mexico,21001,B-A,local_observed_coverage_mean,0.9119904916326913,0.9381639795879554,-0.026173487955264085
radish_mexico,21001,C-B,target_realization_rate,,,
radish_mexico,21001,C-B,active_loop_distance_m,0,0,0.0
radish_mexico,21001,C-B,active_loop_time_s,0,0,0.0
radish_mexico,21001,C-B,ape_rmse_m,0.366718,0.080903,0.285815
radish_mexico,21001,C-B,rpe_translation_rmse_m,0.022312,0.046343,-0.024031000000000004
radish_mexico,21001,C-B,rpe_rotation_rmse_deg,1.222574,4.292764,-3.07019
radish_mexico,21001,C-B,boundary_f1,0.15319005003153224,0.1541670108165509,-0.0009769607850186601
radish_mexico,21001,C-B,symmetric_boundary_distance_mean_m,1.588626351564836,1.6058171483533012,-0.017190796788465246
radish_mexico,21001,C-B,local_boundary_f1_mean,0.057244482367126086,0.062436498494624314,-0.005192016127498228
radish_mexico,21001,C-B,local_symmetric_boundary_distance_mean_m,1.4796157411916198,1.461611354657357,0.01800438653426273
radish_mexico,21001,C-B,local_observed_coverage_mean,0.9114171214861063,0.9119904916326913,-0.0005733701465849839
radish_mexico,21002,C-A,target_realization_rate,,,
radish_mexico,21002,C-A,active_loop_distance_m,0,0,0.0
radish_mexico,21002,C-A,active_loop_time_s,0,0,0.0
radish_mexico,21002,C-A,ape_rmse_m,0.061314,12.273094,-12.211780000000001
radish_mexico,21002,C-A,rpe_translation_rmse_m,0.020629,0.055198,-0.034568999999999996
radish_mexico,21002,C-A,rpe_rotation_rmse_deg,0.107929,3.254488,-3.146559
radish_mexico,21002,C-A,boundary_f1,0.11507021458669056,0.1654051281580209,-0.050334913571330325
radish_mexico,21002,C-A,symmetric_boundary_distance_mean_m,2.874569607336443,1.5165548829824904,1.3580147243539527
radish_mexico,21002,C-A,local_boundary_f1_mean,0.03199708662898421,0.05700891113858029,-0.025011824509596076
radish_mexico,21002,C-A,local_symmetric_boundary_distance_mean_m,1.5792681896831935,1.4531105218439115,0.12615766783928195
radish_mexico,21002,C-A,local_observed_coverage_mean,0.6514308023227074,0.9363664201340722,-0.2849356178113648
radish_mexico,21002,B-A,target_realization_rate,,,
radish_mexico,21002,B-A,active_loop_distance_m,0,0,0.0
radish_mexico,21002,B-A,active_loop_time_s,0,0,0.0
radish_mexico,21002,B-A,ape_rmse_m,0.039981,12.273094,-12.233113000000001
radish_mexico,21002,B-A,rpe_translation_rmse_m,0.021465,0.055198,-0.033733
radish_mexico,21002,B-A,rpe_rotation_rmse_deg,0.196594,3.254488,-3.0578939999999997
radish_mexico,21002,B-A,boundary_f1,0.14984867511534905,0.1654051281580209,-0.015556453042671836
radish_mexico,21002,B-A,symmetric_boundary_distance_mean_m,1.6338324196434364,1.5165548829824904,0.11727753666094598
radish_mexico,21002,B-A,local_boundary_f1_mean,0.05754821891393463,0.05700891113858029,0.000539307775354339
radish_mexico,21002,B-A,local_symmetric_boundary_distance_mean_m,1.4591512478312503,1.4531105218439115,0.006040725987338735
radish_mexico,21002,B-A,local_observed_coverage_mean,0.9108122711324885,0.9363664201340722,-0.025554149001583704
radish_mexico,21002,C-B,target_realization_rate,,,
radish_mexico,21002,C-B,active_loop_distance_m,0,0,0.0
radish_mexico,21002,C-B,active_loop_time_s,0,0,0.0
radish_mexico,21002,C-B,ape_rmse_m,0.061314,0.039981,0.021332999999999998
radish_mexico,21002,C-B,rpe_translation_rmse_m,0.020629,0.021465,-0.0008359999999999999
radish_mexico,21002,C-B,rpe_rotation_rmse_deg,0.107929,0.196594,-0.088665
radish_mexico,21002,C-B,boundary_f1,0.11507021458669056,0.14984867511534905,-0.03477846052865849
radish_mexico,21002,C-B,symmetric_boundary_distance_mean_m,2.874569607336443,1.6338324196434364,1.2407371876930067
radish_mexico,21002,C-B,local_boundary_f1_mean,0.03199708662898421,0.05754821891393463,-0.025551132284950415
radish_mexico,21002,C-B,local_symmetric_boundary_distance_mean_m,1.5792681896831935,1.4591512478312503,0.12011694185194322
radish_mexico,21002,C-B,local_observed_coverage_mean,0.6514308023227074,0.9108122711324885,-0.2593814688097811
radish_mexico,21003,C-A,target_realization_rate,,,
radish_mexico,21003,C-A,active_loop_distance_m,0,0,0.0
radish_mexico,21003,C-A,active_loop_time_s,0,0,0.0
radish_mexico,21003,C-A,ape_rmse_m,1.117157,0.055263,1.061894
radish_mexico,21003,C-A,rpe_translation_rmse_m,0.041412,0.036922,0.004489999999999994
radish_mexico,21003,C-A,rpe_rotation_rmse_deg,3.379305,0.601794,2.777511
radish_mexico,21003,C-A,boundary_f1,0.15846220123881805,0.15767251245924918,0.0007896887795688645
radish_mexico,21003,C-A,symmetric_boundary_distance_mean_m,1.5717274431747037,1.5527524019124734,0.018975041262230263
radish_mexico,21003,C-A,local_boundary_f1_mean,0.07162134754031935,0.06895195782020337,0.002669389720115975
radish_mexico,21003,C-A,local_symmetric_boundary_distance_mean_m,1.4282613534243238,1.415548876997417,0.012712476426906871
radish_mexico,21003,C-A,local_observed_coverage_mean,0.9376406676697218,0.9172759487949215,0.02036471887480029
radish_mexico,21003,B-A,target_realization_rate,,,
radish_mexico,21003,B-A,active_loop_distance_m,0,0,0.0
radish_mexico,21003,B-A,active_loop_time_s,0,0,0.0
radish_mexico,21003,B-A,ape_rmse_m,0.644809,0.055263,0.589546
radish_mexico,21003,B-A,rpe_translation_rmse_m,0.059665,0.036922,0.022743
radish_mexico,21003,B-A,rpe_rotation_rmse_deg,3.668605,0.601794,3.066811
radish_mexico,21003,B-A,boundary_f1,0.16196642999581515,0.15767251245924918,0.0042939175365659665
radish_mexico,21003,B-A,symmetric_boundary_distance_mean_m,1.4696752521629173,1.5527524019124734,-0.08307714974955616
radish_mexico,21003,B-A,local_boundary_f1_mean,0.07989521969412319,0.06895195782020337,0.010943261873919821
radish_mexico,21003,B-A,local_symmetric_boundary_distance_mean_m,1.4785419597444338,1.415548876997417,0.06299308274701687
radish_mexico,21003,B-A,local_observed_coverage_mean,0.9159731673200949,0.9172759487949215,-0.001302781474826542
radish_mexico,21003,C-B,target_realization_rate,,,
radish_mexico,21003,C-B,active_loop_distance_m,0,0,0.0
radish_mexico,21003,C-B,active_loop_time_s,0,0,0.0
radish_mexico,21003,C-B,ape_rmse_m,1.117157,0.644809,0.472348
radish_mexico,21003,C-B,rpe_translation_rmse_m,0.041412,0.059665,-0.018253000000000005
radish_mexico,21003,C-B,rpe_rotation_rmse_deg,3.379305,3.668605,-0.2892999999999999
radish_mexico,21003,C-B,boundary_f1,0.15846220123881805,0.16196642999581515,-0.003504228756997102
radish_mexico,21003,C-B,symmetric_boundary_distance_mean_m,1.5717274431747037,1.4696752521629173,0.10205219101178642
radish_mexico,21003,C-B,local_boundary_f1_mean,0.07162134754031935,0.07989521969412319,-0.008273872153803846
radish_mexico,21003,C-B,local_symmetric_boundary_distance_mean_m,1.4282613534243238,1.4785419597444338,-0.05028060632011
radish_mexico,21003,C-B,local_observed_coverage_mean,0.9376406676697218,0.9159731673200949,0.021667500349626834
radish_mexico,21004,C-A,target_realization_rate,,,
radish_mexico,21004,C-A,active_loop_distance_m,0,0,0.0
radish_mexico,21004,C-A,active_loop_time_s,0,0,0.0
radish_mexico,21004,C-A,ape_rmse_m,8.474425,0.065942,8.408483
radish_mexico,21004,C-A,rpe_translation_rmse_m,0.133382,0.04246,0.090922
radish_mexico,21004,C-A,rpe_rotation_rmse_deg,12.071675,2.357234,9.714441
radish_mexico,21004,C-A,boundary_f1,0.14815566234274338,0.15491153201606353,-0.006755869673320147
radish_mexico,21004,C-A,symmetric_boundary_distance_mean_m,1.5351954102614562,1.600908984669879,-0.06571357440842274
radish_mexico,21004,C-A,local_boundary_f1_mean,0.06444135322328332,0.06034426575427314,0.004097087469010177
radish_mexico,21004,C-A,local_symmetric_boundary_distance_mean_m,1.6935635604823223,1.4632063583972772,0.23035720208504507
radish_mexico,21004,C-A,local_observed_coverage_mean,0.9500723848532832,0.922834003588715,0.027238381264568123
radish_mexico,21004,B-A,target_realization_rate,,,
radish_mexico,21004,B-A,active_loop_distance_m,0,0,0.0
radish_mexico,21004,B-A,active_loop_time_s,0,0,0.0
radish_mexico,21004,B-A,ape_rmse_m,0.044031,0.065942,-0.021911
radish_mexico,21004,B-A,rpe_translation_rmse_m,0.025144,0.04246,-0.017315999999999998
radish_mexico,21004,B-A,rpe_rotation_rmse_deg,0.121477,2.357234,-2.235757
radish_mexico,21004,B-A,boundary_f1,0.15242712958139648,0.15491153201606353,-0.002484402434667049
radish_mexico,21004,B-A,symmetric_boundary_distance_mean_m,1.6212797898563671,1.600908984669879,0.02037080518648815
radish_mexico,21004,B-A,local_boundary_f1_mean,0.05755932470381411,0.06034426575427314,-0.002784941050459025
radish_mexico,21004,B-A,local_symmetric_boundary_distance_mean_m,1.455878953159177,1.4632063583972772,-0.007327405238100271
radish_mexico,21004,B-A,local_observed_coverage_mean,0.9115938217783811,0.922834003588715,-0.011240181810333927
radish_mexico,21004,C-B,target_realization_rate,,,
radish_mexico,21004,C-B,active_loop_distance_m,0,0,0.0
radish_mexico,21004,C-B,active_loop_time_s,0,0,0.0
radish_mexico,21004,C-B,ape_rmse_m,8.474425,0.044031,8.430394
radish_mexico,21004,C-B,rpe_translation_rmse_m,0.133382,0.025144,0.108238
radish_mexico,21004,C-B,rpe_rotation_rmse_deg,12.071675,0.121477,11.950198
radish_mexico,21004,C-B,boundary_f1,0.14815566234274338,0.15242712958139648,-0.004271467238653098
radish_mexico,21004,C-B,symmetric_boundary_distance_mean_m,1.5351954102614562,1.6212797898563671,-0.08608437959491089
radish_mexico,21004,C-B,local_boundary_f1_mean,0.06444135322328332,0.05755932470381411,0.006882028519469202
radish_mexico,21004,C-B,local_symmetric_boundary_distance_mean_m,1.6935635604823223,1.455878953159177,0.23768460732314534
radish_mexico,21004,C-B,local_observed_coverage_mean,0.9500723848532832,0.9115938217783811,0.03847856307490205
radish_mexico,21005,C-A,target_realization_rate,,,
radish_mexico,21005,C-A,active_loop_distance_m,0,0,0.0
radish_mexico,21005,C-A,active_loop_time_s,0,0,0.0
radish_mexico,21005,C-A,ape_rmse_m,0.175283,0.173422,0.0018610000000000015
radish_mexico,21005,C-A,rpe_translation_rmse_m,0.030314,0.09203,-0.061716
radish_mexico,21005,C-A,rpe_rotation_rmse_deg,2.45312,2.965723,-0.5126029999999999
radish_mexico,21005,C-A,boundary_f1,0.1562378110725637,0.16229767319662755,-0.006059862124063842
radish_mexico,21005,C-A,symmetric_boundary_distance_mean_m,1.5815717087466024,1.4674006889181603,0.11417101982844202
radish_mexico,21005,C-A,local_boundary_f1_mean,0.06608372929893984,0.0682670398724671,-0.002183310573527261
radish_mexico,21005,C-A,local_symmetric_boundary_distance_mean_m,1.4218347908105746,1.4262739308997905,-0.004439140089215865
radish_mexico,21005,C-A,local_observed_coverage_mean,0.9220810744444198,0.9308924630029147,-0.008811388558494948
radish_mexico,21005,B-A,target_realization_rate,,,
radish_mexico,21005,B-A,active_loop_distance_m,0,0,0.0
radish_mexico,21005,B-A,active_loop_time_s,0,0,0.0
radish_mexico,21005,B-A,ape_rmse_m,0.06632,0.173422,-0.10710199999999999
radish_mexico,21005,B-A,rpe_translation_rmse_m,0.020303,0.09203,-0.071727
radish_mexico,21005,B-A,rpe_rotation_rmse_deg,0.579091,2.965723,-2.386632
radish_mexico,21005,B-A,boundary_f1,0.1543601235839054,0.16229767319662755,-0.007937549612722139
radish_mexico,21005,B-A,symmetric_boundary_distance_mean_m,1.599953907243734,1.4674006889181603,0.13255321832557376
radish_mexico,21005,B-A,local_boundary_f1_mean,0.06290170569251594,0.0682670398724671,-0.0053653341799511645
radish_mexico,21005,B-A,local_symmetric_boundary_distance_mean_m,1.4275147710791087,1.4262739308997905,0.0012408401793182477
radish_mexico,21005,B-A,local_observed_coverage_mean,0.9185033763081525,0.9308924630029147,-0.012389086694762241
radish_mexico,21005,C-B,target_realization_rate,,,
radish_mexico,21005,C-B,active_loop_distance_m,0,0,0.0
radish_mexico,21005,C-B,active_loop_time_s,0,0,0.0
radish_mexico,21005,C-B,ape_rmse_m,0.175283,0.06632,0.10896299999999999
radish_mexico,21005,C-B,rpe_translation_rmse_m,0.030314,0.020303,0.010010999999999999
radish_mexico,21005,C-B,rpe_rotation_rmse_deg,2.45312,0.579091,1.8740290000000002
radish_mexico,21005,C-B,boundary_f1,0.1562378110725637,0.1543601235839054,0.0018776874886582973
radish_mexico,21005,C-B,symmetric_boundary_distance_mean_m,1.5815717087466024,1.599953907243734,-0.01838219849713174
radish_mexico,21005,C-B,local_boundary_f1_mean,0.06608372929893984,0.06290170569251594,0.0031820236064239033
radish_mexico,21005,C-B,local_symmetric_boundary_distance_mean_m,1.4218347908105746,1.4275147710791087,-0.005679980268534113
radish_mexico,21005,C-B,local_observed_coverage_mean,0.9220810744444198,0.9185033763081525,0.0035776981362672933
