map,seed,condition,method,validity,run_dir,planned_active_loops,executed_active_loops,target_attributable_loops,target_realization_rate,temporally_associated_events,passive_or_unrelated_events,active_loop_distance_m,active_loop_time_s,total_exploration_distance_m,total_exploration_sim_time_s,total_exploration_wall_time_s,wall_sim_ratio,repair_count,no_repair_count,early_stop_count,actual_generated_repair_length_m,actual_executed_repair_length_m,avoided_nominal_repair_path_length_lower_bound_m,avoided_path_interpretation,ape_rmse_m,rpe_translation_rmse_m,rpe_rotation_rmse_deg,boundary_f1,symmetric_boundary_distance_mean_m,symmetric_boundary_distance_median_m,symmetric_boundary_distance_p95_m,occupied_iou,local_boundary_f1_mean,local_symmetric_boundary_distance_mean_m,local_observed_coverage_mean
map3,21001,A,Original,VALID,results/phase4b/map3/seed_21001/A_original,4,4,0,0.0,0,0,66.77195318445614,224.90000000000032,555.1363452023396,1470.6000000000001,1471.7065646030005,1.000752457910377,0,0,0,0.0,0.0,0.0,geometric lower bound; not observed counterfactual travel,1.931035,0.033705,0.208282,0.391957362057004,0.7622317676106767,0.35000000000000003,2.8,0.06127131782945736,0.013888888888888888,1.9620203174959068,0.9986162955335307
map3,21001,B,Always-Trace,VALID,results/phase4b/map3/seed_21001/B_always_trace,4,4,0,0.0,0,0,145.6834775554711,450.4000000000002,573.2725211800544,1505.8000000000002,1506.275762363999,1.0003159532235348,4,0,0,41.74,145.6834775554711,0.0,geometric lower bound; not observed counterfactual travel,0.560084,0.062831,0.308477,0.4361416862266569,0.4969520226149495,0.28027756377319946,1.5500000000000003,0.07734498811410459,0.615702479338843,0.3785248447736063,0.9991955206590295
map3,21001,C,Selective,VALID,results/phase4b/map3/seed_21001/C_selective,4,4,0,0.0,0,0,101.20340042595504,326.9000000000001,521.1170616069053,1419.7,1420.022265391999,1.0002269954159322,2,2,0,22.12,57.704297399019794,0.0,geometric lower bound; not observed counterfactual travel,0.604666,0.052307,0.243688,0.5237270070678571,0.47632899927642014,0.25,1.4307764064044153,0.07327045197529483,0.6785507246376812,0.21739492169447677,0.9980370704080319
map3,21002,A,Original,VALID,results/phase4b/map3/seed_21002/A_original,3,3,0,0.0,1,0,57.999168481480226,167.0,462.9419953372351,1140.7,1141.4532170679995,1.0006603112720254,0,0,0,0.0,0.0,0.0,geometric lower bound; not observed counterfactual travel,0.2401,0.034865,0.209592,0.5585871364291201,0.38562071087325794,0.2118033988749895,1.2,0.07782874426627004,1.0,0.0,0.9882867807954692
map3,21002,B,Always-Trace,VALID,results/phase4b/map3/seed_21002/B_always_trace,3,3,0,0.0,0,0,112.53003632893194,347.49999999999994,521.3225267769292,1396.0,1396.2735674569994,1.0001959652270769,3,0,0,32.24,112.53003632893194,0.0,geometric lower bound; not observed counterfactual travel,0.508673,0.074704,0.36275,0.4522551282746637,0.45887606614870136,0.28027756377319946,1.3737756131336967,0.08309247650863956,0.0,0.9296258583420758,0.9973827605440425
map3,21002,C,Selective,VALID,results/phase4b/map3/seed_21002/C_selective,3,3,0,0.0,0,0,66.86503965675882,239.49999999999994,469.1382249075234,1183.6999999999998,1183.7985632419986,1.0000832670794955,1,2,0,9.94,28.263384370567586,0.0,geometric lower bound; not observed counterfactual travel,1.15693,0.044769,0.211664,0.32782043482885925,0.6803233504839454,0.4328427124746191,2.0103718436910203,0.055986987733737725,0.0,1.2043485667547118,0.9981550607113743
map3,21003,A,Original,VALID,results/phase4b/map3/seed_21003/A_original,4,4,0,0.0,0,0,97.33768317459291,310.9999999999999,506.3327893861121,1348.8,1349.1714406240026,1.000275385990512,0,0,0,0.0,0.0,0.0,geometric lower bound; not observed counterfactual travel,0.622606,0.052417,0.337893,0.4622214850226168,0.4445643063876865,0.258113883008419,1.3433981132056605,0.08329784835808932,0.6734778982485404,0.22290418017014654,0.9993568934384466
map3,21003,B,Always-Trace,VALID,results/phase4b/map3/seed_21003/B_always_trace,4,4,0,0.0,0,0,143.23976177465525,487.2999999999999,572.5501009838457,1525.0,1525.4727527689975,1.000310001815736,4,0,0,44.32,143.23976177465525,0.0,geometric lower bound; not observed counterfactual travel,1.043301,0.079285,0.502674,0.5234996555466301,0.5283644826327049,0.25,1.85,0.0723437636189314,0.017647058823529415,1.7397130794740758,0.9986162955335307
map3,21003,C,Selective,VALID,results/phase4b/map3/seed_21003/C_selective,4,4,1,0.25,0,0,111.16884556379901,356.9,520.4522244488797,1397.2,1397.6287279949993,1.0003068479780985,1,3,0,9.8,33.364683861739636,0.0,geometric lower bound; not observed counterfactual travel,0.506671,0.043322,0.263487,0.48550994461069896,0.4392681235502786,0.25,1.35,0.07089723119577192,0.048543689320388356,0.3494875105533627,0.9964281117260909
map3,21004,A,Original,VALID,results/phase4b/map3/seed_21004/A_original,5,5,0,0.0,0,0,106.08225816693728,263.30000000000007,603.751056596735,1383.8,1384.2601126910013,1.0003324994153788,0,0,0,0.0,0.0,0.0,geometric lower bound; not observed counterfactual travel,1.823823,0.032476,0.140586,0.3242843198320291,0.8525366573718709,0.6000000000000001,2.5936263672131936,0.04997309987283576,0.1283623417721519,1.0081293591005664,0.9801206686939189
map3,21004,B,Always-Trace,VALID,results/phase4b/map3/seed_21004/B_always_trace,5,5,0,0.0,2,0,214.26747958957338,649.4,652.3327073744862,1736.9,1737.5858359139997,1.0003948620611431,5,0,0,55.21,214.26747958957338,0.0,geometric lower bound; not observed counterfactual travel,0.603357,0.074388,0.2876,0.5265400200548099,0.45334169375708416,0.25,1.4,0.09171862207947604,0.5401531999011614,0.1404958621538775,0.9943881428818788
map3,21004,C,Selective,VALID,results/phase4b/map3/seed_21004/C_selective,5,5,0,0.0,0,1,156.1804701857195,484.30000000000007,540.7777499866364,1412.0,1412.303762078,1.000215128950425,2,3,0,22.61,92.65233445748804,0.0,geometric lower bound; not observed counterfactual travel,0.493636,0.041905,0.257093,0.5455183656132634,0.4178422105916319,0.2118033988749895,1.3,0.07584459037678844,0.26865671641791045,0.24006404740299553,0.9954176856738318
map3,21005,A,Original,VALID,results/phase4b/map3/seed_21005/A_original,5,5,0,0.0,0,0,116.1428786048083,320.4999999999999,527.9708632902757,1346.8999999999999,1347.4761250790007,1.0004277415390903,0,0,0,0.0,0.0,0.0,geometric lower bound; not observed counterfactual travel,0.801703,0.034755,0.180242,0.3158841371973536,0.6023020541700921,0.45,1.720087712549569,0.05988545967478297,0.17094017094017092,0.4307432744851811,0.9863019943653469
map3,21005,B,Always-Trace,VALID,results/phase4b/map3/seed_21005/B_always_trace,5,5,0,0.0,0,0,251.98799159745928,1085.9999999999995,684.7858037254215,2153.5,2154.387227902,1.000411993453448,5,0,0,54.08,251.98799159745928,0.0,geometric lower bound; not observed counterfactual travel,0.905463,0.067362,1.328437,0.5841958433903082,0.44784819836779094,0.2,1.45,0.07766435685368701,0.160135425351828,0.7624685595684204,0.9977941353279235
map3,21005,C,Selective,VALID,results/phase4b/map3/seed_21005/C_selective,5,5,0,0.0,2,0,89.22066889622546,235.79999999999995,540.7398952312882,1458.7,1459.0347194779997,1.0002294642339067,3,2,2,34.980000000000004,53.70939709042964,21.530729300294105,geometric lower bound; not observed counterfactual travel,0.842854,0.035097,0.210086,0.3651249199189656,0.585727790290711,0.4,1.7300423721205946,0.06155546006997729,0.2497831743278404,0.614980728409569,0.9887190557319603
map8,21001,A,Original,VALID,results/phase4c/formal/map8/seed_21001/A_original/attempt_01,3,3,1,0.3333333333333333,1,1,65.70233671962887,148.10000000000002,736.7097131499789,1413.8,1414.2743472549992,1.0003355122754274,0,0,0,0.0,0.0,0.0,geometric lower bound; not observed counterfactual travel,0.217264,0.03648,0.200958,0.5298503404723359,0.22416851026550405,0.1931370849898476,0.56,0.13504938388725507,0.7896069646404604,0.1547578623312455,0.9480256715474699
map8,21001,B,Always-Trace,VALID,results/phase4c/formal/map8/seed_21001/B_always_trace/attempt_01,3,3,1,0.3333333333333333,2,1,90.11826231467404,281.29999999999995,776.0559180991862,1603.3,1604.1907919030018,1.0005555990164048,3,0,0,27.41,90.11826231467404,0.0,geometric lower bound; not observed counterfactual travel,0.067969,0.039602,0.277712,0.556820948476236,0.2211689223756077,0.16,0.48,0.1196440030718411,0.7751002238704897,0.1447761553469789,0.9437485876746123
map8,21001,C,Selective,VALID,results/phase4c/formal/map8/seed_21001/C_selective/attempt_01,3,3,1,0.3333333333333333,1,1,73.25431763179553,174.69999999999993,745.5355735169536,1443.0,1443.6804401219997,1.0004715454760913,2,1,2,24.810000000000002,41.51389192603067,15.36516953580418,geometric lower bound; not observed counterfactual travel,0.245396,0.032536,0.16742,0.5307200838677341,0.22813800665345607,0.1931370849898476,0.6,0.12392919534423608,0.5537876288000826,0.1892600022890268,0.9470048169977275
map8,21002,A,Original,VALID,results/phase4c/formal/map8/seed_21002/A_original/attempt_01,3,3,0,0.0,1,2,80.89008503945752,166.49999999999966,783.0482389788014,1528.1999999999998,1529.153663134,1.0006240434066223,0,0,0,0.0,0.0,0.0,geometric lower bound; not observed counterfactual travel,0.116864,0.036359,0.156456,0.6229881055379191,0.1939904730294235,0.16,0.48,0.126148969889065,0.726157804948377,0.14655816110466693,0.9422892069880672
map8,21002,B,Always-Trace,VALID,results/phase4c/formal/map8/seed_21002/B_always_trace/attempt_01,3,3,1,0.3333333333333333,2,1,150.13052746412666,442.30000000000007,851.2386834146931,1765.1000000000001,1765.9644391529982,1.0004897394782155,3,0,0,29.49,150.13052746412666,0.0,geometric lower bound; not observed counterfactual travel,0.098679,0.036908,0.265662,0.6162623719453872,0.1912738699822964,0.16,0.44000000000000006,0.1357078354369238,0.8239740915824552,0.13585581253842896,0.9461468749869401
map8,21002,C,Selective,VALID,results/phase4c/formal/map8/seed_21002/C_selective/attempt_02,3,3,1,0.3333333333333333,2,0,52.89700539105224,137.79999999999984,753.0618685658055,1452.1,1452.667562468,1.0003908563239445,2,1,2,22.22,40.67990949476622,14.028850221870856,geometric lower bound; not observed counterfactual travel,0.085834,0.036568,0.196656,0.6159777210699289,0.2038328186853971,0.16,0.48,0.11929463878850821,0.5945647684821656,0.23459024090425673,0.9426330597382718
map8,21003,A,Original,VALID,results/phase4c/formal/map8/seed_21003/A_original/attempt_01,3,3,1,0.3333333333333333,1,2,57.23795600268838,137.20000000000005,752.4686021213882,1430.9,1431.0284025820001,1.0000897355384724,0,0,0,0.0,0.0,0.0,geometric lower bound; not observed counterfactual travel,0.108662,0.035006,0.177136,0.6057069773276745,0.20038885074798085,0.16,0.48,0.136383340910773,0.6820581546630956,0.15613246633157477,0.9455943312658155
map8,21003,B,Always-Trace,VALID,results/phase4c/formal/map8/seed_21003/B_always_trace/attempt_01,3,3,0,0.0,2,2,124.53279114358516,331.4999999999998,809.8980211906827,1656.8,1656.8982045720004,1.0000592736431677,3,0,0,29.3,124.53279114358516,0.0,geometric lower bound; not observed counterfactual travel,0.149552,0.030933,0.163991,0.6027607635147488,0.19505865386142673,0.16,0.48,0.13395135227079435,0.7347570537651569,0.17678933340204864,0.9498405975729951
map8,21003,C,Selective,VALID,results/phase4c/formal/map8/seed_21003/C_selective/attempt_01,3,3,1,0.3333333333333333,1,0,55.57609681509156,115.40000000000009,727.6823576018498,1405.8,1405.9030721060008,1.000073319181961,2,1,2,20.5,36.16495492652586,16.333054040706987,geometric lower bound; not observed counterfactual travel,0.152886,0.031988,0.183652,0.5461778504267958,0.21295009305687274,0.16,0.52,0.12573841439657987,0.6144922930355643,0.186553592910896,0.9436508489361999
map8,21004,A,Original,VALID,results/phase4c/formal/map8/seed_21004/A_original/attempt_01,3,3,2,0.6666666666666666,0,2,69.28077961005083,143.9999999999999,701.4016543098825,1361.0,1361.4731958620014,1.0003476824849387,0,0,0,0.0,0.0,0.0,geometric lower bound; not observed counterfactual travel,0.102795,0.029541,0.178018,0.6734082015191403,0.18037636072715602,0.16,0.48,0.13494233867548547,0.8953790503326373,0.1359550563138523,0.9442983249741962
map8,21004,B,Always-Trace,VALID,results/phase4c/formal/map8/seed_21004/B_always_trace/attempt_01,3,3,2,0.6666666666666666,0,2,72.36634010812134,243.70000000000005,772.1054300694968,1577.1000000000001,1577.5646580970006,1.0002946281764,3,0,0,23.75,72.36634010812134,0.0,geometric lower bound; not observed counterfactual travel,0.17954,0.029517,0.176473,0.6332497253247285,0.19617783175154724,0.16,0.4897056274847714,0.1204036204036204,0.6379801536878981,0.1815522509596498,0.9413507287967185
map8,21004,C,Selective,VALID,results/phase4c/formal/map8/seed_21004/C_selective/attempt_01,3,3,0,0.0,1,1,74.11008661977237,193.19999999999982,721.7481692808088,1369.1999999999998,1369.3970782769993,1.0001439368076246,2,1,1,24.08,49.93739280479256,12.027767177513743,geometric lower bound; not observed counterfactual travel,0.238372,0.029256,0.257163,0.5497619076142074,0.21714319543156807,0.16,0.52,0.12381672018974456,0.7123847334931194,0.23051300406243644,0.9505896066350238
map8,21005,A,Original,VALID,results/phase4c/formal/map8/seed_21005/A_original/attempt_01,3,3,1,0.3333333333333333,1,0,71.01121367241416,154.30000000000007,727.3349565862202,1388.1999999999998,1388.576905549,1.0002715066625847,0,0,0,0.0,0.0,0.0,geometric lower bound; not observed counterfactual travel,0.144062,0.031821,0.19648,0.560106262259414,0.21069505373920452,0.16,0.52,0.12662731801247437,0.6529477978185741,0.17259296046279463,0.945465539232862
map8,21005,B,Always-Trace,VALID,results/phase4c/formal/map8/seed_21005/B_always_trace/attempt_01,3,3,1,0.3333333333333333,1,1,95.64574512240932,272.29999999999995,721.5910871332061,1460.0,1461.0433950629995,1.0007146541527394,3,0,0,27.540000000000003,95.64574512240932,0.0,geometric lower bound; not observed counterfactual travel,0.10278,0.031146,0.177476,0.6158489581138847,0.19126013744305514,0.16,0.48,0.13168576000678248,0.82088432256988,0.12198385896663892,0.9444868758436672
map8,21005,C,Selective,VALID,results/phase4c/formal/map8/seed_21005/C_selective/attempt_01,3,3,1,0.3333333333333333,1,1,62.78857445047963,119.69999999999982,718.6795597779512,1406.0,1406.4992974360011,1.0003551190867719,2,1,2,24.08,34.228875886921536,24.08040547831679,geometric lower bound; not observed counterfactual travel,0.172268,0.029788,0.284289,0.5857206714893199,0.21571463737956353,0.16,0.56,0.13573988195615513,0.7186315877062848,0.15558547238625695,0.9483844947657171
radish_mexico,21001,A,Original,EXPERIMENTAL_FAILURE,results/phase4c/formal/radish_mexico/seed_21001/A_original/attempt_01,11,0,0,,0,16,0,0,2656.8844180792685,5750.8,5751.180899260999,1.000066234134555,0,0,0,0,0,0,geometric lower bound; not observed counterfactual travel,23.733064,0.14037,9.086027,0.16301956081071195,1.4930006488995828,1.1332431709886202,4.449133104696125,0.03161533580810549,0.07098731256940033,1.4586419837478413,0.9381639795879554
radish_mexico,21001,B,Always-Trace,EXPERIMENTAL_FAILURE,results/phase4c/formal/radish_mexico/seed_21001/B_always_trace/attempt_01,11,0,0,,0,4,0,0,1282.9842392766925,3450.5,3450.7422015459997,1.0000701931737428,0,0,0,0,0,0,geometric lower bound; not observed counterfactual travel,0.080903,0.046343,4.292764,0.1541670108165509,1.6058171483533012,1.2229242973818513,4.621575805904906,0.029666527044599763,0.062436498494624314,1.461611354657357,0.9119904916326913
radish_mexico,21001,C,Selective,EXPERIMENTAL_FAILURE,results/phase4c/formal/radish_mexico/seed_21001/C_selective/attempt_01,11,0,0,,0,15,0,0,1712.0434925524344,3508.9,3508.9924413109984,1.0000263448120488,0,0,0,0,0,0,geometric lower bound; not observed counterfactual travel,0.366718,0.022312,1.222574,0.15319005003153224,1.588626351564836,1.2431255805383254,4.60420676888959,0.029686717408738097,0.057244482367126086,1.4796157411916198,0.9114171214861063
radish_mexico,21002,A,Original,EXPERIMENTAL_FAILURE,results/phase4c/formal/radish_mexico/seed_21002/A_original/attempt_02,11,0,0,,0,4,0,0,1565.0186120578107,4887.4,4888.4231965829995,1.0002093539679584,0,0,0,0,0,0,geometric lower bound; not observed counterfactual travel,12.273094,0.055198,3.254488,0.1654051281580209,1.5165548829824904,1.1293126164151202,4.565993959926481,0.03033131674222135,0.05700891113858029,1.4531105218439115,0.9363664201340722
radish_mexico,21002,B,Always-Trace,EXPERIMENTAL_FAILURE,results/phase4c/formal/radish_mexico/seed_21002/B_always_trace/attempt_02,11,0,0,,0,7,0,0,1506.690891178992,3228.2,15520.464886464,4.807776744459451,0,0,0,0,0,0,geometric lower bound; not observed counterfactual travel,0.039981,0.021465,0.196594,0.14984867511534905,1.6338324196434364,1.24725226161743,4.6233397645232355,0.026454486919887773,0.05754821891393463,1.4591512478312503,0.9108122711324885
radish_mexico,21002,C,Selective,EXPERIMENTAL_FAILURE,results/phase4c/formal/radish_mexico/seed_21002/C_selective/attempt_01,11,0,0,,0,7,0,0,598.3234620517594,1110.2,5552.1894669680005,5.001071398818231,0,0,0,0,0,0,geometric lower bound; not observed counterfactual travel,0.061314,0.020629,0.107929,0.11507021458669056,2.874569607336443,1.7184658384730707,10.912660908312272,0.012863692563635348,0.03199708662898421,1.5792681896831935,0.6514308023227074
radish_mexico,21003,A,Original,EXPERIMENTAL_FAILURE,results/phase4c/formal/radish_mexico/seed_21003/A_original/attempt_01,11,0,0,,0,12,0,0,1895.0021905251888,3936.1,3936.2593456289997,1.0000404831251746,0,0,0,0,0,0,geometric lower bound; not observed counterfactual travel,0.055263,0.036922,0.601794,0.15767251245924918,1.5527524019124734,1.1790608452193634,4.445891889279216,0.02800882948456507,0.06895195782020337,1.415548876997417,0.9172759487949215
radish_mexico,21003,B,Always-Trace,EXPERIMENTAL_FAILURE,results/phase4c/formal/radish_mexico/seed_21003/B_always_trace/attempt_01,11,0,0,,0,16,0,0,1946.6545532344617,4212.2,4212.849256624999,1.0001541371789087,0,0,0,0,0,0,geometric lower bound; not observed counterfactual travel,0.644809,0.059665,3.668605,0.16196642999581515,1.4696752521629173,1.180073525436772,3.9987316389308805,0.029333850603497944,0.07989521969412319,1.4785419597444338,0.9159731673200949
radish_mexico,21003,C,Selective,EXPERIMENTAL_FAILURE,results/phase4c/formal/radish_mexico/seed_21003/C_selective/attempt_01,11,0,0,,0,15,0,0,1617.1905027563184,5342.200000000001,5342.835774298001,1.0001190098270376,0,0,0,0,0,0,geometric lower bound; not observed counterfactual travel,1.117157,0.041412,3.379305,0.15846220123881805,1.5717274431747037,1.1650445487931647,4.637003971085221,0.030914373293238682,0.07162134754031935,1.4282613534243238,0.9376406676697218
radish_mexico,21004,A,Original,EXPERIMENTAL_FAILURE,results/phase4c/formal/radish_mexico/seed_21004/A_original/attempt_01,11,0,0,,0,12,0,0,1606.4583374072895,4156.3,4156.7541849730005,1.000109276272887,0,0,0,0,0,0,geometric lower bound; not observed counterfactual travel,0.065942,0.04246,2.357234,0.15491153201606353,1.600908984669879,1.2326488456231224,4.600101399582938,0.030107458141305422,0.06034426575427314,1.4632063583972772,0.922834003588715
radish_mexico,21004,B,Always-Trace,EXPERIMENTAL_FAILURE,results/phase4c/formal/radish_mexico/seed_21004/B_always_trace/attempt_02,11,0,0,,0,9,0,0,1842.8975181357664,3728.1,18002.547826227,4.828880079994367,0,0,0,0,0,0,geometric lower bound; not observed counterfactual travel,0.044031,0.025144,0.121477,0.15242712958139648,1.6212797898563671,1.2403882032022078,4.642334387576885,0.027559615233858956,0.05755932470381411,1.455878953159177,0.9115938217783811
radish_mexico,21004,C,Selective,EXPERIMENTAL_FAILURE,results/phase4c/formal/radish_mexico/seed_21004/C_selective/attempt_01,11,0,0,,0,17,0,0,2592.298460116059,6035.400000000001,6035.897874926999,1.0000824924490503,0,0,0,0,0,0,geometric lower bound; not observed counterfactual travel,8.474425,0.133382,12.071675,0.14815566234274338,1.5351954102614562,1.1301494980224,4.554482802137621,0.023282584422473787,0.06444135322328332,1.6935635604823223,0.9500723848532832
radish_mexico,21005,A,Original,EXPERIMENTAL_FAILURE,results/phase4c/formal/radish_mexico/seed_21005/A_original/attempt_01,11,0,0,,0,14,0,0,2059.080286495825,4343.3,4344.192321412003,1.0002054477959164,0,0,0,0,0,0,geometric lower bound; not observed counterfactual travel,0.173422,0.09203,2.965723,0.16229767319662755,1.4674006889181603,1.1779628604101349,3.8811899611735825,0.03103720724573599,0.0682670398724671,1.4262739308997905,0.9308924630029147
radish_mexico,21005,B,Always-Trace,EXPERIMENTAL_FAILURE,results/phase4c/formal/radish_mexico/seed_21005/B_always_trace/attempt_01,11,0,0,,0,14,0,0,1391.3899800187555,4258.8,14427.037677501998,3.3875828114731843,0,0,0,0,0,0,geometric lower bound; not observed counterfactual travel,0.06632,0.020303,0.579091,0.1543601235839054,1.599953907243734,1.2040063920164363,4.568954762271341,0.029335659252798373,0.06290170569251594,1.4275147710791087,0.9185033763081525
radish_mexico,21005,C,Selective,EXPERIMENTAL_FAILURE,results/phase4c/formal/radish_mexico/seed_21005/C_selective/attempt_01,11,0,0,,0,5,0,0,1399.680407820261,3240.9,3241.648845923002,1.000231061101238,0,0,0,0,0,0,geometric lower bound; not observed counterfactual travel,0.175283,0.030314,2.45312,0.1562378110725637,1.5815717087466024,1.1802343178074637,4.514349064847483,0.03010023751523416,0.06608372929893984,1.4218347908105746,0.9220810744444198
