map,seed,condition,method,loop_id,vertex,event_seq,current_scan,current_scan_time,chain_start,chain_end,active_start,active_end,baseline_anchor_scan,h_star_ids,matched_h_star_ids,attribution_class,run_dir
map3,21002,A,Original,1,8,1,280,515.0,15,19,500.1,533.1,0,"[0, 1, 2, 3, 4, 5, 6]",[],TEMPORALLY_ASSOCIATED,results/phase4b/map3/seed_21002/A_original
map3,21003,C,Selective,4,21,1,760,1413.4,506,511,1346.3,1414.9,505,"[505, 506, 507, 508, 509, 510, 511]","[506, 507, 508, 509, 510, 511]",TARGET_ATTRIBUTABLE,results/phase4b/map3/seed_21003/C_selective
map3,21004,B,Always-Trace,1,15,1,273,477.1,161,164,451.0,551.1,171,"[171, 172, 173, 174, 175, 176, 177]",[],TEMPORALLY_ASSOCIATED,results/phase4b/map3/seed_21004/B_always_trace
map3,21004,B,Always-Trace,4,22,2,937,1565.4,548,551,1536.6,1665.7,554,"[554, 555, 556, 557, 558, 559, 560]",[],TEMPORALLY_ASSOCIATED,results/phase4b/map3/seed_21004/B_always_trace
map3,21004,C,Selective,,,1,482,866.5,349,352,,,,,[],PASSIVE_OR_UNRELATED,results/phase4b/map3/seed_21004/C_selective
map3,21005,C,Selective,2,26,1,490,971.8,413,418,948.4,972.5,406,"[406, 407, 408, 409, 410, 411, 412]",[],TEMPORALLY_ASSOCIATED,results/phase4b/map3/seed_21005/C_selective
map3,21005,C,Selective,5,8,2,728,1475.5,15,18,1464.8,1476.5,0,"[0, 1, 2, 3, 4, 5, 6]",[],TEMPORALLY_ASSOCIATED,results/phase4b/map3/seed_21005/C_selective
map8,21001,A,Original,,,1,361,432.6,345,351,,,,,[],PASSIVE_OR_UNRELATED,results/phase4c/formal/map8/seed_21001/A_original/attempt_01
map8,21001,A,Original,1,20,2,501,690.5,9,13,671.8,711.9,1,"[1, 2, 3, 4, 5, 6, 7]",[],TEMPORALLY_ASSOCIATED,results/phase4c/formal/map8/seed_21001/A_original/attempt_01
map8,21001,A,Original,2,38,3,814,1098.3,486,490,1086.2,1126.4,488,"[488, 489, 490, 491, 492, 493, 494]","[488, 489, 490]",TARGET_ATTRIBUTABLE,results/phase4c/formal/map8/seed_21001/A_original/attempt_01
map8,21001,B,Always-Trace,,,1,173,240.4,59,64,,,,,[],PASSIVE_OR_UNRELATED,results/phase4c/formal/map8/seed_21001/B_always_trace/attempt_01
map8,21001,B,Always-Trace,1,20,2,521,738.0,15,18,702.6,752.6,1,"[1, 2, 3, 4, 5, 6, 7]",[],TEMPORALLY_ASSOCIATED,results/phase4c/formal/map8/seed_21001/B_always_trace/attempt_01
map8,21001,B,Always-Trace,2,38,3,813,1151.5,491,496,1124.9,1255.7,482,"[482, 483, 484, 485, 486, 487, 488]",[],TEMPORALLY_ASSOCIATED,results/phase4c/formal/map8/seed_21001/B_always_trace/attempt_01
map8,21001,B,Always-Trace,3,35,4,1147,1554.5,391,394,1519.8,1620.3,394,"[394, 395, 396, 397, 398, 399, 400]",[394],TARGET_ATTRIBUTABLE,results/phase4c/formal/map8/seed_21001/B_always_trace/attempt_01
map8,21001,C,Selective,,,1,176,213.6,43,46,,,,,[],PASSIVE_OR_UNRELATED,results/phase4c/formal/map8/seed_21001/C_selective/attempt_01
map8,21001,C,Selective,1,20,2,527,714.9,9,15,688.7,714.9,1,"[1, 2, 3, 4, 5, 6, 7]",[],TEMPORALLY_ASSOCIATED,results/phase4c/formal/map8/seed_21001/C_selective/attempt_01
map8,21001,C,Selective,2,38,3,868,1172.3,498,501,1103.2,1173.2,499,"[499, 500, 501, 502, 503, 504, 505]","[499, 500, 501]",TARGET_ATTRIBUTABLE,results/phase4c/formal/map8/seed_21001/C_selective/attempt_01
map8,21002,A,Original,,,1,457,633.1,14,20,,,,,[],PASSIVE_OR_UNRELATED,results/phase4c/formal/map8/seed_21002/A_original/attempt_01
map8,21002,A,Original,,,2,563,789.0,35,43,,,,,[],PASSIVE_OR_UNRELATED,results/phase4c/formal/map8/seed_21002/A_original/attempt_01
map8,21002,A,Original,3,35,3,1104,1493.5,362,366,1457.4,1545.6,339,"[339, 340, 341, 342, 343, 344, 345]",[],TEMPORALLY_ASSOCIATED,results/phase4c/formal/map8/seed_21002/A_original/attempt_01
map8,21002,B,Always-Trace,,,1,473,645.2,15,20,,,,,[],PASSIVE_OR_UNRELATED,results/phase4c/formal/map8/seed_21002/B_always_trace/attempt_01
map8,21002,B,Always-Trace,2,38,2,920,1214.9,510,515,1179.2,1342.8,483,"[483, 484, 485, 486, 487, 488, 489]",[],TEMPORALLY_ASSOCIATED,results/phase4c/formal/map8/seed_21002/B_always_trace/attempt_01
map8,21002,B,Always-Trace,3,35,3,1291,1655.3,374,379,1573.6,1782.2,382,"[382, 383, 384, 385, 386, 387, 388]",[],TEMPORALLY_ASSOCIATED,results/phase4c/formal/map8/seed_21002/B_always_trace/attempt_01
map8,21002,B,Always-Trace,3,35,4,1391,1741.8,386,391,1573.6,1782.2,382,"[382, 383, 384, 385, 386, 387, 388]","[386, 387, 388]",TARGET_ATTRIBUTABLE,results/phase4c/formal/map8/seed_21002/B_always_trace/attempt_01
map8,21002,C,Selective,1,20,1,499,702.3,8,12,690.2,704.4,17,"[17, 18, 19, 20, 21, 22, 23]",[],TEMPORALLY_ASSOCIATED,results/phase4c/formal/map8/seed_21002/C_selective/attempt_02
map8,21002,C,Selective,2,38,2,874,1187.5,463,470,1102.5,1187.8,483,"[483, 484, 485, 486, 487, 488, 489]",[],TEMPORALLY_ASSOCIATED,results/phase4c/formal/map8/seed_21002/C_selective/attempt_02
map8,21002,C,Selective,3,35,3,1087,1476.6,406,412,1443.5,1481.8,405,"[405, 406, 407, 408, 409, 410, 411]","[406, 407, 408, 409, 410, 411]",TARGET_ATTRIBUTABLE,results/phase4c/formal/map8/seed_21002/C_selective/attempt_02
map8,21003,A,Original,,,1,152,187.5,56,59,,,,,[],PASSIVE_OR_UNRELATED,results/phase4c/formal/map8/seed_21003/A_original/attempt_01
map8,21003,A,Original,1,20,2,478,660.7,8,15,649.0,680.8,1,"[1, 2, 3, 4, 5, 6, 7]",[],TEMPORALLY_ASSOCIATED,results/phase4c/formal/map8/seed_21003/A_original/attempt_01
map8,21003,A,Original,,,3,549,765.0,22,28,,,,,[],PASSIVE_OR_UNRELATED,results/phase4c/formal/map8/seed_21003/A_original/attempt_01
map8,21003,A,Original,2,38,4,823,1123.2,470,473,1075.9,1123.4,465,"[465, 466, 467, 468, 469, 470, 471]","[470, 471]",TARGET_ATTRIBUTABLE,results/phase4c/formal/map8/seed_21003/A_original/attempt_01
map8,21003,B,Always-Trace,,,1,158,190.2,56,59,,,,,[],PASSIVE_OR_UNRELATED,results/phase4c/formal/map8/seed_21003/B_always_trace/attempt_01
map8,21003,B,Always-Trace,,,2,433,559.2,426,430,,,,,[],PASSIVE_OR_UNRELATED,results/phase4c/formal/map8/seed_21003/B_always_trace/attempt_01
map8,21003,B,Always-Trace,1,20,3,495,691.3,10,13,675.6,735.9,1,"[1, 2, 3, 4, 5, 6, 7]",[],TEMPORALLY_ASSOCIATED,results/phase4c/formal/map8/seed_21003/B_always_trace/attempt_01
map8,21003,B,Always-Trace,2,38,4,848,1183.7,487,494,1143.9,1283.1,478,"[478, 479, 480, 481, 482, 483, 484]",[],TEMPORALLY_ASSOCIATED,results/phase4c/formal/map8/seed_21003/B_always_trace/attempt_01
map8,21003,C,Selective,1,20,1,511,689.5,10,13,674.9,689.9,1,"[1, 2, 3, 4, 5, 6, 7]",[],TEMPORALLY_ASSOCIATED,results/phase4c/formal/map8/seed_21003/C_selective/attempt_01
map8,21003,C,Selective,2,38,2,854,1132.0,499,502,1080.1,1132.5,493,"[493, 494, 495, 496, 497, 498, 499]",[499],TARGET_ATTRIBUTABLE,results/phase4c/formal/map8/seed_21003/C_selective/attempt_01
map8,21004,A,Original,,,1,352,432.6,338,344,,,,,[],PASSIVE_OR_UNRELATED,results/phase4c/formal/map8/seed_21004/A_original/attempt_01
map8,21004,A,Original,,,2,463,614.1,14,17,,,,,[],PASSIVE_OR_UNRELATED,results/phase4c/formal/map8/seed_21004/A_original/attempt_01
map8,21004,A,Original,2,38,3,826,1121.1,474,477,1077.8,1121.8,476,"[476, 477, 478, 479, 480, 481, 482]","[476, 477]",TARGET_ATTRIBUTABLE,results/phase4c/formal/map8/seed_21004/A_original/attempt_01
map8,21004,A,Original,3,35,4,994,1358.3,360,365,1308.2,1378.0,362,"[362, 363, 364, 365, 366, 367, 368]","[362, 363, 364, 365]",TARGET_ATTRIBUTABLE,results/phase4c/formal/map8/seed_21004/A_original/attempt_01
map8,21004,B,Always-Trace,,,1,452,583.3,445,449,,,,,[],PASSIVE_OR_UNRELATED,results/phase4c/formal/map8/seed_21004/B_always_trace/attempt_01
map8,21004,B,Always-Trace,,,2,572,772.1,5,8,,,,,[],PASSIVE_OR_UNRELATED,results/phase4c/formal/map8/seed_21004/B_always_trace/attempt_01
map8,21004,B,Always-Trace,2,38,3,914,1209.7,518,523,1154.8,1249.2,521,"[521, 522, 523, 524, 525, 526, 527]","[521, 522, 523]",TARGET_ATTRIBUTABLE,results/phase4c/formal/map8/seed_21004/B_always_trace/attempt_01
map8,21004,B,Always-Trace,3,35,4,1241,1585.8,390,394,1506.3,1594.3,387,"[387, 388, 389, 390, 391, 392, 393]","[390, 391, 392, 393]",TARGET_ATTRIBUTABLE,results/phase4c/formal/map8/seed_21004/B_always_trace/attempt_01
map8,21004,C,Selective,,,1,158,196.3,69,72,,,,,[],PASSIVE_OR_UNRELATED,results/phase4c/formal/map8/seed_21004/C_selective/attempt_01
map8,21004,C,Selective,1,20,2,478,667.9,9,17,653.8,669.9,1,"[1, 2, 3, 4, 5, 6, 7]",[],TEMPORALLY_ASSOCIATED,results/phase4c/formal/map8/seed_21004/C_selective/attempt_01
map8,21005,A,Original,1,20,1,466,644.1,8,12,637.9,672.0,1,"[1, 2, 3, 4, 5, 6, 7]",[],TEMPORALLY_ASSOCIATED,results/phase4c/formal/map8/seed_21005/A_original/attempt_01
map8,21005,A,Original,2,38,2,809,1085.0,457,461,1043.1,1090.3,454,"[454, 455, 456, 457, 458, 459, 460]","[457, 458, 459, 460]",TARGET_ATTRIBUTABLE,results/phase4c/formal/map8/seed_21005/A_original/attempt_01
map8,21005,B,Always-Trace,,,1,469,653.7,15,20,,,,,[],PASSIVE_OR_UNRELATED,results/phase4c/formal/map8/seed_21005/B_always_trace/attempt_01
map8,21005,B,Always-Trace,2,38,2,816,1092.9,490,495,1068.8,1189.1,482,"[482, 483, 484, 485, 486, 487, 488]",[],TEMPORALLY_ASSOCIATED,results/phase4c/formal/map8/seed_21005/B_always_trace/attempt_01
map8,21005,B,Always-Trace,3,35,3,1151,1471.0,403,411,1380.2,1477.2,399,"[399, 400, 401, 402, 403, 404, 405]","[403, 404, 405]",TARGET_ATTRIBUTABLE,results/phase4c/formal/map8/seed_21005/B_always_trace/attempt_01
map8,21005,C,Selective,,,1,111,142.7,102,105,,,,,[],PASSIVE_OR_UNRELATED,results/phase4c/formal/map8/seed_21005/C_selective/attempt_01
map8,21005,C,Selective,1,20,2,483,694.0,8,14,683.7,696.0,1,"[1, 2, 3, 4, 5, 6, 7]",[],TEMPORALLY_ASSOCIATED,results/phase4c/formal/map8/seed_21005/C_selective/attempt_01
map8,21005,C,Selective,2,38,3,800,1101.7,475,478,1067.9,1102.2,469,"[469, 470, 471, 472, 473, 474, 475]",[475],TARGET_ATTRIBUTABLE,results/phase4c/formal/map8/seed_21005/C_selective/attempt_01
radish_mexico,21001,A,Original,,,1,283,375.1,52,58,,,,,[],PASSIVE_OR_UNRELATED,results/phase4c/formal/radish_mexico/seed_21001/A_original/attempt_01
radish_mexico,21001,A,Original,,,2,340,467.8,167,171,,,,,[],PASSIVE_OR_UNRELATED,results/phase4c/formal/radish_mexico/seed_21001/A_original/attempt_01
radish_mexico,21001,A,Original,,,3,463,637.9,215,220,,,,,[],PASSIVE_OR_UNRELATED,results/phase4c/formal/radish_mexico/seed_21001/A_original/attempt_01
radish_mexico,21001,A,Original,,,4,623,834.1,274,279,,,,,[],PASSIVE_OR_UNRELATED,results/phase4c/formal/radish_mexico/seed_21001/A_original/attempt_01
radish_mexico,21001,A,Original,,,5,784,1071.8,217,221,,,,,[],PASSIVE_OR_UNRELATED,results/phase4c/formal/radish_mexico/seed_21001/A_original/attempt_01
radish_mexico,21001,A,Original,,,6,1019,1459.0,713,716,,,,,[],PASSIVE_OR_UNRELATED,results/phase4c/formal/radish_mexico/seed_21001/A_original/attempt_01
radish_mexico,21001,A,Original,,,7,1071,1514.4,670,674,,,,,[],PASSIVE_OR_UNRELATED,results/phase4c/formal/radish_mexico/seed_21001/A_original/attempt_01
radish_mexico,21001,A,Original,,,8,1479,2081.9,46,53,,,,,[],PASSIVE_OR_UNRELATED,results/phase4c/formal/radish_mexico/seed_21001/A_original/attempt_01
radish_mexico,21001,A,Original,,,9,1767,2590.5,895,898,,,,,[],PASSIVE_OR_UNRELATED,results/phase4c/formal/radish_mexico/seed_21001/A_original/attempt_01
radish_mexico,21001,A,Original,,,10,1884,2787.9,1703,1706,,,,,[],PASSIVE_OR_UNRELATED,results/phase4c/formal/radish_mexico/seed_21001/A_original/attempt_01
radish_mexico,21001,A,Original,,,11,1917,2839.6,1723,1728,,,,,[],PASSIVE_OR_UNRELATED,results/phase4c/formal/radish_mexico/seed_21001/A_original/attempt_01
radish_mexico,21001,A,Original,,,12,1942,2927.4,879,882,,,,,[],PASSIVE_OR_UNRELATED,results/phase4c/formal/radish_mexico/seed_21001/A_original/attempt_01
radish_mexico,21001,A,Original,,,13,2078,3213.3,1688,1695,,,,,[],PASSIVE_OR_UNRELATED,results/phase4c/formal/radish_mexico/seed_21001/A_original/attempt_01
radish_mexico,21001,A,Original,,,14,2536,3756.3,2100,2104,,,,,[],PASSIVE_OR_UNRELATED,results/phase4c/formal/radish_mexico/seed_21001/A_original/attempt_01
radish_mexico,21001,A,Original,,,15,3299,4765.8,3155,3165,,,,,[],PASSIVE_OR_UNRELATED,results/phase4c/formal/radish_mexico/seed_21001/A_original/attempt_01
radish_mexico,21001,A,Original,,,16,3768,5318.2,3116,3119,,,,,[],PASSIVE_OR_UNRELATED,results/phase4c/formal/radish_mexico/seed_21001/A_original/attempt_01
radish_mexico,21001,B,Always-Trace,,,1,313,425.1,51,55,,,,,[],PASSIVE_OR_UNRELATED,results/phase4c/formal/radish_mexico/seed_21001/B_always_trace/attempt_01
radish_mexico,21001,B,Always-Trace,,,2,605,812.5,247,254,,,,,[],PASSIVE_OR_UNRELATED,results/phase4c/formal/radish_mexico/seed_21001/B_always_trace/attempt_01
radish_mexico,21001,B,Always-Trace,,,3,785,1043.4,298,307,,,,,[],PASSIVE_OR_UNRELATED,results/phase4c/formal/radish_mexico/seed_21001/B_always_trace/attempt_01
radish_mexico,21001,B,Always-Trace,,,4,1048,1432.5,44,50,,,,,[],PASSIVE_OR_UNRELATED,results/phase4c/formal/radish_mexico/seed_21001/B_always_trace/attempt_01
radish_mexico,21001,C,Selective,,,1,176,227.3,164,167,,,,,[],PASSIVE_OR_UNRELATED,results/phase4c/formal/radish_mexico/seed_21001/C_selective/attempt_01
radish_mexico,21001,C,Selective,,,2,355,467.1,56,63,,,,,[],PASSIVE_OR_UNRELATED,results/phase4c/formal/radish_mexico/seed_21001/C_selective/attempt_01
radish_mexico,21001,C,Selective,,,3,377,503.1,150,154,,,,,[],PASSIVE_OR_UNRELATED,results/phase4c/formal/radish_mexico/seed_21001/C_selective/attempt_01
radish_mexico,21001,C,Selective,,,4,487,654.2,156,162,,,,,[],PASSIVE_OR_UNRELATED,results/phase4c/formal/radish_mexico/seed_21001/C_selective/attempt_01
radish_mexico,21001,C,Selective,,,5,592,778.1,384,388,,,,,[],PASSIVE_OR_UNRELATED,results/phase4c/formal/radish_mexico/seed_21001/C_selective/attempt_01
radish_mexico,21001,C,Selective,,,6,761,994.7,644,650,,,,,[],PASSIVE_OR_UNRELATED,results/phase4c/formal/radish_mexico/seed_21001/C_selective/attempt_01
radish_mexico,21001,C,Selective,,,7,783,1024.4,402,407,,,,,[],PASSIVE_OR_UNRELATED,results/phase4c/formal/radish_mexico/seed_21001/C_selective/attempt_01
radish_mexico,21001,C,Selective,,,8,919,1193.6,324,333,,,,,[],PASSIVE_OR_UNRELATED,results/phase4c/formal/radish_mexico/seed_21001/C_selective/attempt_01
radish_mexico,21001,C,Selective,,,9,1335,1593.0,368,376,,,,,[],PASSIVE_OR_UNRELATED,results/phase4c/formal/radish_mexico/seed_21001/C_selective/attempt_01
radish_mexico,21001,C,Selective,,,10,1631,2001.0,867,870,,,,,[],PASSIVE_OR_UNRELATED,results/phase4c/formal/radish_mexico/seed_21001/C_selective/attempt_01
radish_mexico,21001,C,Selective,,,11,1732,2189.3,528,533,,,,,[],PASSIVE_OR_UNRELATED,results/phase4c/formal/radish_mexico/seed_21001/C_selective/attempt_01
radish_mexico,21001,C,Selective,,,12,2121,2978.3,1966,1973,,,,,[],PASSIVE_OR_UNRELATED,results/phase4c/formal/radish_mexico/seed_21001/C_selective/attempt_01
radish_mexico,21001,C,Selective,,,13,2208,3215.8,2062,2069,,,,,[],PASSIVE_OR_UNRELATED,results/phase4c/formal/radish_mexico/seed_21001/C_selective/attempt_01
radish_mexico,21001,C,Selective,,,14,2329,3355.8,1852,1855,,,,,[],PASSIVE_OR_UNRELATED,results/phase4c/formal/radish_mexico/seed_21001/C_selective/attempt_01
radish_mexico,21001,C,Selective,,,15,2329,3355.8,2073,2078,,,,,[],PASSIVE_OR_UNRELATED,results/phase4c/formal/radish_mexico/seed_21001/C_selective/attempt_01
radish_mexico,21002,A,Original,,,1,271,387.8,60,63,,,,,[],PASSIVE_OR_UNRELATED,results/phase4c/formal/radish_mexico/seed_21002/A_original/attempt_02
radish_mexico,21002,A,Original,,,2,386,535.9,213,217,,,,,[],PASSIVE_OR_UNRELATED,results/phase4c/formal/radish_mexico/seed_21002/A_original/attempt_02
radish_mexico,21002,A,Original,,,3,677,904.1,291,295,,,,,[],PASSIVE_OR_UNRELATED,results/phase4c/formal/radish_mexico/seed_21002/A_original/attempt_02
radish_mexico,21002,A,Original,,,4,3841,4619.4,3831,3835,,,,,[],PASSIVE_OR_UNRELATED,results/phase4c/formal/radish_mexico/seed_21002/A_original/attempt_02
radish_mexico,21002,B,Always-Trace,,,1,598,796.1,306,310,,,,,[],PASSIVE_OR_UNRELATED,results/phase4c/formal/radish_mexico/seed_21002/B_always_trace/attempt_02
radish_mexico,21002,B,Always-Trace,,,2,674,885.7,334,340,,,,,[],PASSIVE_OR_UNRELATED,results/phase4c/formal/radish_mexico/seed_21002/B_always_trace/attempt_02
radish_mexico,21002,B,Always-Trace,,,3,824,1127.3,538,541,,,,,[],PASSIVE_OR_UNRELATED,results/phase4c/formal/radish_mexico/seed_21002/B_always_trace/attempt_02
radish_mexico,21002,B,Always-Trace,,,4,828,1132.7,37,46,,,,,[],PASSIVE_OR_UNRELATED,results/phase4c/formal/radish_mexico/seed_21002/B_always_trace/attempt_02
radish_mexico,21002,B,Always-Trace,,,5,997,1373.8,732,737,,,,,[],PASSIVE_OR_UNRELATED,results/phase4c/formal/radish_mexico/seed_21002/B_always_trace/attempt_02
radish_mexico,21002,B,Always-Trace,,,6,1061,1477.5,842,845,,,,,[],PASSIVE_OR_UNRELATED,results/phase4c/formal/radish_mexico/seed_21002/B_always_trace/attempt_02
radish_mexico,21002,B,Always-Trace,,,7,1743,2271.9,62,67,,,,,[],PASSIVE_OR_UNRELATED,results/phase4c/formal/radish_mexico/seed_21002/B_always_trace/attempt_02
radish_mexico,21002,C,Selective,,,1,193,241.0,97,102,,,,,[],PASSIVE_OR_UNRELATED,results/phase4c/formal/radish_mexico/seed_21002/C_selective/attempt_01
radish_mexico,21002,C,Selective,,,2,383,531.6,285,289,,,,,[],PASSIVE_OR_UNRELATED,results/phase4c/formal/radish_mexico/seed_21002/C_selective/attempt_01
radish_mexico,21002,C,Selective,,,3,452,630.4,354,360,,,,,[],PASSIVE_OR_UNRELATED,results/phase4c/formal/radish_mexico/seed_21002/C_selective/attempt_01
radish_mexico,21002,C,Selective,,,4,517,745.6,55,62,,,,,[],PASSIVE_OR_UNRELATED,results/phase4c/formal/radish_mexico/seed_21002/C_selective/attempt_01
radish_mexico,21002,C,Selective,,,5,593,925.9,353,358,,,,,[],PASSIVE_OR_UNRELATED,results/phase4c/formal/radish_mexico/seed_21002/C_selective/attempt_01
radish_mexico,21002,C,Selective,,,6,680,1043.8,98,103,,,,,[],PASSIVE_OR_UNRELATED,results/phase4c/formal/radish_mexico/seed_21002/C_selective/attempt_01
radish_mexico,21002,C,Selective,,,7,709,1078.5,508,511,,,,,[],PASSIVE_OR_UNRELATED,results/phase4c/formal/radish_mexico/seed_21002/C_selective/attempt_01
radish_mexico,21003,A,Original,,,1,289,384.3,53,56,,,,,[],PASSIVE_OR_UNRELATED,results/phase4c/formal/radish_mexico/seed_21003/A_original/attempt_01
radish_mexico,21003,A,Original,,,2,355,485.8,225,229,,,,,[],PASSIVE_OR_UNRELATED,results/phase4c/formal/radish_mexico/seed_21003/A_original/attempt_01
radish_mexico,21003,A,Original,,,3,446,599.9,40,49,,,,,[],PASSIVE_OR_UNRELATED,results/phase4c/formal/radish_mexico/seed_21003/A_original/attempt_01
radish_mexico,21003,A,Original,,,4,574,799.1,229,233,,,,,[],PASSIVE_OR_UNRELATED,results/phase4c/formal/radish_mexico/seed_21003/A_original/attempt_01
radish_mexico,21003,A,Original,,,5,640,900.0,277,283,,,,,[],PASSIVE_OR_UNRELATED,results/phase4c/formal/radish_mexico/seed_21003/A_original/attempt_01
radish_mexico,21003,A,Original,,,6,1081,1512.0,632,636,,,,,[],PASSIVE_OR_UNRELATED,results/phase4c/formal/radish_mexico/seed_21003/A_original/attempt_01
radish_mexico,21003,A,Original,,,7,1531,2037.6,1057,1061,,,,,[],PASSIVE_OR_UNRELATED,results/phase4c/formal/radish_mexico/seed_21003/A_original/attempt_01
radish_mexico,21003,A,Original,,,8,1819,2516.5,1555,1558,,,,,[],PASSIVE_OR_UNRELATED,results/phase4c/formal/radish_mexico/seed_21003/A_original/attempt_01
radish_mexico,21003,A,Original,,,9,1887,2698.2,1387,1391,,,,,[],PASSIVE_OR_UNRELATED,results/phase4c/formal/radish_mexico/seed_21003/A_original/attempt_01
radish_mexico,21003,A,Original,,,10,2031,2946.6,1791,1800,,,,,[],PASSIVE_OR_UNRELATED,results/phase4c/formal/radish_mexico/seed_21003/A_original/attempt_01
radish_mexico,21003,A,Original,,,11,2351,3676.4,1863,1870,,,,,[],PASSIVE_OR_UNRELATED,results/phase4c/formal/radish_mexico/seed_21003/A_original/attempt_01
radish_mexico,21003,A,Original,,,12,2395,3770.3,1768,1775,,,,,[],PASSIVE_OR_UNRELATED,results/phase4c/formal/radish_mexico/seed_21003/A_original/attempt_01
radish_mexico,21003,B,Always-Trace,,,1,186,244.5,172,176,,,,,[],PASSIVE_OR_UNRELATED,results/phase4c/formal/radish_mexico/seed_21003/B_always_trace/attempt_01
radish_mexico,21003,B,Always-Trace,,,2,288,377.3,53,60,,,,,[],PASSIVE_OR_UNRELATED,results/phase4c/formal/radish_mexico/seed_21003/B_always_trace/attempt_01
radish_mexico,21003,B,Always-Trace,,,3,367,488.7,160,163,,,,,[],PASSIVE_OR_UNRELATED,results/phase4c/formal/radish_mexico/seed_21003/B_always_trace/attempt_01
radish_mexico,21003,B,Always-Trace,,,4,422,567.7,276,284,,,,,[],PASSIVE_OR_UNRELATED,results/phase4c/formal/radish_mexico/seed_21003/B_always_trace/attempt_01
radish_mexico,21003,B,Always-Trace,,,5,514,698.8,214,217,,,,,[],PASSIVE_OR_UNRELATED,results/phase4c/formal/radish_mexico/seed_21003/B_always_trace/attempt_01
radish_mexico,21003,B,Always-Trace,,,6,811,1092.2,540,545,,,,,[],PASSIVE_OR_UNRELATED,results/phase4c/formal/radish_mexico/seed_21003/B_always_trace/attempt_01
radish_mexico,21003,B,Always-Trace,,,7,889,1241.0,276,284,,,,,[],PASSIVE_OR_UNRELATED,results/phase4c/formal/radish_mexico/seed_21003/B_always_trace/attempt_01
radish_mexico,21003,B,Always-Trace,,,8,1005,1409.3,837,840,,,,,[],PASSIVE_OR_UNRELATED,results/phase4c/formal/radish_mexico/seed_21003/B_always_trace/attempt_01
radish_mexico,21003,B,Always-Trace,,,9,1049,1477.3,45,51,,,,,[],PASSIVE_OR_UNRELATED,results/phase4c/formal/radish_mexico/seed_21003/B_always_trace/attempt_01
radish_mexico,21003,B,Always-Trace,,,10,1497,1953.7,379,384,,,,,[],PASSIVE_OR_UNRELATED,results/phase4c/formal/radish_mexico/seed_21003/B_always_trace/attempt_01
radish_mexico,21003,B,Always-Trace,,,11,1576,2076.9,714,720,,,,,[],PASSIVE_OR_UNRELATED,results/phase4c/formal/radish_mexico/seed_21003/B_always_trace/attempt_01
radish_mexico,21003,B,Always-Trace,,,12,1643,2217.2,920,924,,,,,[],PASSIVE_OR_UNRELATED,results/phase4c/formal/radish_mexico/seed_21003/B_always_trace/attempt_01
radish_mexico,21003,B,Always-Trace,,,13,1716,2352.5,46,50,,,,,[],PASSIVE_OR_UNRELATED,results/phase4c/formal/radish_mexico/seed_21003/B_always_trace/attempt_01
radish_mexico,21003,B,Always-Trace,,,14,2051,2893.5,1589,1597,,,,,[],PASSIVE_OR_UNRELATED,results/phase4c/formal/radish_mexico/seed_21003/B_always_trace/attempt_01
radish_mexico,21003,B,Always-Trace,,,15,2246,3194.1,2011,2015,,,,,[],PASSIVE_OR_UNRELATED,results/phase4c/formal/radish_mexico/seed_21003/B_always_trace/attempt_01
radish_mexico,21003,B,Always-Trace,,,16,2398,3522.5,2143,2148,,,,,[],PASSIVE_OR_UNRELATED,results/phase4c/formal/radish_mexico/seed_21003/B_always_trace/attempt_01
radish_mexico,21003,C,Selective,,,1,590,762.0,386,389,,,,,[],PASSIVE_OR_UNRELATED,results/phase4c/formal/radish_mexico/seed_21003/C_selective/attempt_01
radish_mexico,21003,C,Selective,,,2,626,812.1,323,329,,,,,[],PASSIVE_OR_UNRELATED,results/phase4c/formal/radish_mexico/seed_21003/C_selective/attempt_01
radish_mexico,21003,C,Selective,,,3,787,999.9,229,232,,,,,[],PASSIVE_OR_UNRELATED,results/phase4c/formal/radish_mexico/seed_21003/C_selective/attempt_01
radish_mexico,21003,C,Selective,,,4,924,1177.4,50,58,,,,,[],PASSIVE_OR_UNRELATED,results/phase4c/formal/radish_mexico/seed_21003/C_selective/attempt_01
radish_mexico,21003,C,Selective,,,5,1048,1356.3,871,874,,,,,[],PASSIVE_OR_UNRELATED,results/phase4c/formal/radish_mexico/seed_21003/C_selective/attempt_01
radish_mexico,21003,C,Selective,,,6,1144,1547.5,948,952,,,,,[],PASSIVE_OR_UNRELATED,results/phase4c/formal/radish_mexico/seed_21003/C_selective/attempt_01
radish_mexico,21003,C,Selective,,,7,1194,1632.4,167,171,,,,,[],PASSIVE_OR_UNRELATED,results/phase4c/formal/radish_mexico/seed_21003/C_selective/attempt_01
radish_mexico,21003,C,Selective,,,8,1224,1677.3,917,926,,,,,[],PASSIVE_OR_UNRELATED,results/phase4c/formal/radish_mexico/seed_21003/C_selective/attempt_01
radish_mexico,21003,C,Selective,,,9,1309,1780.1,1285,1290,,,,,[],PASSIVE_OR_UNRELATED,results/phase4c/formal/radish_mexico/seed_21003/C_selective/attempt_01
radish_mexico,21003,C,Selective,,,10,1421,1879.1,1317,1321,,,,,[],PASSIVE_OR_UNRELATED,results/phase4c/formal/radish_mexico/seed_21003/C_selective/attempt_01
radish_mexico,21003,C,Selective,,,11,1491,1973.5,1114,1117,,,,,[],PASSIVE_OR_UNRELATED,results/phase4c/formal/radish_mexico/seed_21003/C_selective/attempt_01
radish_mexico,21003,C,Selective,,,12,1537,2124.4,1006,1014,,,,,[],PASSIVE_OR_UNRELATED,results/phase4c/formal/radish_mexico/seed_21003/C_selective/attempt_01
radish_mexico,21003,C,Selective,,,13,1552,2146.0,361,364,,,,,[],PASSIVE_OR_UNRELATED,results/phase4c/formal/radish_mexico/seed_21003/C_selective/attempt_01
radish_mexico,21003,C,Selective,,,14,1637,2252.7,448,455,,,,,[],PASSIVE_OR_UNRELATED,results/phase4c/formal/radish_mexico/seed_21003/C_selective/attempt_01
radish_mexico,21003,C,Selective,,,15,1672,2321.1,1216,1224,,,,,[],PASSIVE_OR_UNRELATED,results/phase4c/formal/radish_mexico/seed_21003/C_selective/attempt_01
radish_mexico,21004,A,Original,,,1,618,791.9,432,435,,,,,[],PASSIVE_OR_UNRELATED,results/phase4c/formal/radish_mexico/seed_21004/A_original/attempt_01
radish_mexico,21004,A,Original,,,2,643,820.8,628,632,,,,,[],PASSIVE_OR_UNRELATED,results/phase4c/formal/radish_mexico/seed_21004/A_original/attempt_01
radish_mexico,21004,A,Original,,,3,688,873.2,524,530,,,,,[],PASSIVE_OR_UNRELATED,results/phase4c/formal/radish_mexico/seed_21004/A_original/attempt_01
radish_mexico,21004,A,Original,,,4,735,954.4,42,49,,,,,[],PASSIVE_OR_UNRELATED,results/phase4c/formal/radish_mexico/seed_21004/A_original/attempt_01
radish_mexico,21004,A,Original,,,5,896,1172.0,637,641,,,,,[],PASSIVE_OR_UNRELATED,results/phase4c/formal/radish_mexico/seed_21004/A_original/attempt_01
radish_mexico,21004,A,Original,,,6,971,1297.0,51,56,,,,,[],PASSIVE_OR_UNRELATED,results/phase4c/formal/radish_mexico/seed_21004/A_original/attempt_01
radish_mexico,21004,A,Original,,,7,996,1322.3,823,830,,,,,[],PASSIVE_OR_UNRELATED,results/phase4c/formal/radish_mexico/seed_21004/A_original/attempt_01
radish_mexico,21004,A,Original,,,8,1120,1471.5,37,40,,,,,[],PASSIVE_OR_UNRELATED,results/phase4c/formal/radish_mexico/seed_21004/A_original/attempt_01
radish_mexico,21004,A,Original,,,9,1320,1786.1,765,768,,,,,[],PASSIVE_OR_UNRELATED,results/phase4c/formal/radish_mexico/seed_21004/A_original/attempt_01
radish_mexico,21004,A,Original,,,10,1416,1882.9,1163,1169,,,,,[],PASSIVE_OR_UNRELATED,results/phase4c/formal/radish_mexico/seed_21004/A_original/attempt_01
radish_mexico,21004,A,Original,,,11,1582,2031.5,1546,1549,,,,,[],PASSIVE_OR_UNRELATED,results/phase4c/formal/radish_mexico/seed_21004/A_original/attempt_01
radish_mexico,21004,A,Original,,,12,1921,2492.0,1300,1308,,,,,[],PASSIVE_OR_UNRELATED,results/phase4c/formal/radish_mexico/seed_21004/A_original/attempt_01
radish_mexico,21004,B,Always-Trace,,,1,317,429.8,194,199,,,,,[],PASSIVE_OR_UNRELATED,results/phase4c/formal/radish_mexico/seed_21004/B_always_trace/attempt_02
radish_mexico,21004,B,Always-Trace,,,2,668,906.8,47,56,,,,,[],PASSIVE_OR_UNRELATED,results/phase4c/formal/radish_mexico/seed_21004/B_always_trace/attempt_02
radish_mexico,21004,B,Always-Trace,,,3,793,1076.9,668,672,,,,,[],PASSIVE_OR_UNRELATED,results/phase4c/formal/radish_mexico/seed_21004/B_always_trace/attempt_02
radish_mexico,21004,B,Always-Trace,,,4,817,1136.4,23,27,,,,,[],PASSIVE_OR_UNRELATED,results/phase4c/formal/radish_mexico/seed_21004/B_always_trace/attempt_02
radish_mexico,21004,B,Always-Trace,,,5,1009,1368.1,52,59,,,,,[],PASSIVE_OR_UNRELATED,results/phase4c/formal/radish_mexico/seed_21004/B_always_trace/attempt_02
radish_mexico,21004,B,Always-Trace,,,6,1224,1679.7,658,667,,,,,[],PASSIVE_OR_UNRELATED,results/phase4c/formal/radish_mexico/seed_21004/B_always_trace/attempt_02
radish_mexico,21004,B,Always-Trace,,,7,1572,2120.5,660,668,,,,,[],PASSIVE_OR_UNRELATED,results/phase4c/formal/radish_mexico/seed_21004/B_always_trace/attempt_02
radish_mexico,21004,B,Always-Trace,,,8,1748,2343.0,37,40,,,,,[],PASSIVE_OR_UNRELATED,results/phase4c/formal/radish_mexico/seed_21004/B_always_trace/attempt_02
radish_mexico,21004,B,Always-Trace,,,9,1952,2668.2,1676,1679,,,,,[],PASSIVE_OR_UNRELATED,results/phase4c/formal/radish_mexico/seed_21004/B_always_trace/attempt_02
radish_mexico,21004,C,Selective,,,1,273,359.6,56,65,,,,,[],PASSIVE_OR_UNRELATED,results/phase4c/formal/radish_mexico/seed_21004/C_selective/attempt_01
radish_mexico,21004,C,Selective,,,2,306,403.3,211,216,,,,,[],PASSIVE_OR_UNRELATED,results/phase4c/formal/radish_mexico/seed_21004/C_selective/attempt_01
radish_mexico,21004,C,Selective,,,3,459,654.4,290,296,,,,,[],PASSIVE_OR_UNRELATED,results/phase4c/formal/radish_mexico/seed_21004/C_selective/attempt_01
radish_mexico,21004,C,Selective,,,4,542,767.0,47,56,,,,,[],PASSIVE_OR_UNRELATED,results/phase4c/formal/radish_mexico/seed_21004/C_selective/attempt_01
radish_mexico,21004,C,Selective,,,5,782,1215.3,208,213,,,,,[],PASSIVE_OR_UNRELATED,results/phase4c/formal/radish_mexico/seed_21004/C_selective/attempt_01
radish_mexico,21004,C,Selective,,,6,990,1549.3,765,772,,,,,[],PASSIVE_OR_UNRELATED,results/phase4c/formal/radish_mexico/seed_21004/C_selective/attempt_01
radish_mexico,21004,C,Selective,,,7,1373,2081.3,208,214,,,,,[],PASSIVE_OR_UNRELATED,results/phase4c/formal/radish_mexico/seed_21004/C_selective/attempt_01
radish_mexico,21004,C,Selective,,,8,1535,2322.8,1511,1529,,,,,[],PASSIVE_OR_UNRELATED,results/phase4c/formal/radish_mexico/seed_21004/C_selective/attempt_01
radish_mexico,21004,C,Selective,,,9,1818,2790.5,1264,1267,,,,,[],PASSIVE_OR_UNRELATED,results/phase4c/formal/radish_mexico/seed_21004/C_selective/attempt_01
radish_mexico,21004,C,Selective,,,10,2906,3871.5,2888,2892,,,,,[],PASSIVE_OR_UNRELATED,results/phase4c/formal/radish_mexico/seed_21004/C_selective/attempt_01
radish_mexico,21004,C,Selective,,,11,3187,4192.7,2394,2398,,,,,[],PASSIVE_OR_UNRELATED,results/phase4c/formal/radish_mexico/seed_21004/C_selective/attempt_01
radish_mexico,21004,C,Selective,,,12,3240,4264.3,2828,2832,,,,,[],PASSIVE_OR_UNRELATED,results/phase4c/formal/radish_mexico/seed_21004/C_selective/attempt_01
radish_mexico,21004,C,Selective,,,13,3302,4362.5,2993,3002,,,,,[],PASSIVE_OR_UNRELATED,results/phase4c/formal/radish_mexico/seed_21004/C_selective/attempt_01
radish_mexico,21004,C,Selective,,,14,3655,4743.4,3174,3185,,,,,[],PASSIVE_OR_UNRELATED,results/phase4c/formal/radish_mexico/seed_21004/C_selective/attempt_01
radish_mexico,21004,C,Selective,,,15,3874,4970.0,3312,3318,,,,,[],PASSIVE_OR_UNRELATED,results/phase4c/formal/radish_mexico/seed_21004/C_selective/attempt_01
radish_mexico,21004,C,Selective,,,16,4241,5317.8,3325,3333,,,,,[],PASSIVE_OR_UNRELATED,results/phase4c/formal/radish_mexico/seed_21004/C_selective/attempt_01
radish_mexico,21004,C,Selective,,,17,5061,6029.1,4479,4485,,,,,[],PASSIVE_OR_UNRELATED,results/phase4c/formal/radish_mexico/seed_21004/C_selective/attempt_01
radish_mexico,21005,A,Original,,,1,271,376.7,59,64,,,,,[],PASSIVE_OR_UNRELATED,results/phase4c/formal/radish_mexico/seed_21005/A_original/attempt_01
radish_mexico,21005,A,Original,,,2,773,965.4,331,336,,,,,[],PASSIVE_OR_UNRELATED,results/phase4c/formal/radish_mexico/seed_21005/A_original/attempt_01
radish_mexico,21005,A,Original,,,3,828,1063.7,375,379,,,,,[],PASSIVE_OR_UNRELATED,results/phase4c/formal/radish_mexico/seed_21005/A_original/attempt_01
radish_mexico,21005,A,Original,,,4,829,1065.0,190,196,,,,,[],PASSIVE_OR_UNRELATED,results/phase4c/formal/radish_mexico/seed_21005/A_original/attempt_01
radish_mexico,21005,A,Original,,,5,1016,1313.0,393,399,,,,,[],PASSIVE_OR_UNRELATED,results/phase4c/formal/radish_mexico/seed_21005/A_original/attempt_01
radish_mexico,21005,A,Original,,,6,1046,1367.1,252,261,,,,,[],PASSIVE_OR_UNRELATED,results/phase4c/formal/radish_mexico/seed_21005/A_original/attempt_01
radish_mexico,21005,A,Original,,,7,1063,1390.8,363,372,,,,,[],PASSIVE_OR_UNRELATED,results/phase4c/formal/radish_mexico/seed_21005/A_original/attempt_01
radish_mexico,21005,A,Original,,,8,1530,2044.3,983,987,,,,,[],PASSIVE_OR_UNRELATED,results/phase4c/formal/radish_mexico/seed_21005/A_original/attempt_01
radish_mexico,21005,A,Original,,,9,1608,2159.6,1261,1270,,,,,[],PASSIVE_OR_UNRELATED,results/phase4c/formal/radish_mexico/seed_21005/A_original/attempt_01
radish_mexico,21005,A,Original,,,10,1853,2638.9,1605,1613,,,,,[],PASSIVE_OR_UNRELATED,results/phase4c/formal/radish_mexico/seed_21005/A_original/attempt_01
radish_mexico,21005,A,Original,,,11,1898,2723.7,631,641,,,,,[],PASSIVE_OR_UNRELATED,results/phase4c/formal/radish_mexico/seed_21005/A_original/attempt_01
radish_mexico,21005,A,Original,,,12,2050,2997.7,1879,1884,,,,,[],PASSIVE_OR_UNRELATED,results/phase4c/formal/radish_mexico/seed_21005/A_original/attempt_01
radish_mexico,21005,A,Original,,,13,2121,3145.1,1742,1747,,,,,[],PASSIVE_OR_UNRELATED,results/phase4c/formal/radish_mexico/seed_21005/A_original/attempt_01
radish_mexico,21005,A,Original,,,14,2192,3267.8,1563,1569,,,,,[],PASSIVE_OR_UNRELATED,results/phase4c/formal/radish_mexico/seed_21005/A_original/attempt_01
radish_mexico,21005,B,Always-Trace,,,1,247,343.0,47,51,,,,,[],PASSIVE_OR_UNRELATED,results/phase4c/formal/radish_mexico/seed_21005/B_always_trace/attempt_01
radish_mexico,21005,B,Always-Trace,,,2,335,476.4,190,195,,,,,[],PASSIVE_OR_UNRELATED,results/phase4c/formal/radish_mexico/seed_21005/B_always_trace/attempt_01
radish_mexico,21005,B,Always-Trace,,,3,494,670.8,188,191,,,,,[],PASSIVE_OR_UNRELATED,results/phase4c/formal/radish_mexico/seed_21005/B_always_trace/attempt_01
radish_mexico,21005,B,Always-Trace,,,4,766,1051.6,662,668,,,,,[],PASSIVE_OR_UNRELATED,results/phase4c/formal/radish_mexico/seed_21005/B_always_trace/attempt_01
radish_mexico,21005,B,Always-Trace,,,5,797,1143.1,469,473,,,,,[],PASSIVE_OR_UNRELATED,results/phase4c/formal/radish_mexico/seed_21005/B_always_trace/attempt_01
radish_mexico,21005,B,Always-Trace,,,6,826,1214.8,719,725,,,,,[],PASSIVE_OR_UNRELATED,results/phase4c/formal/radish_mexico/seed_21005/B_always_trace/attempt_01
radish_mexico,21005,B,Always-Trace,,,7,893,1333.1,760,767,,,,,[],PASSIVE_OR_UNRELATED,results/phase4c/formal/radish_mexico/seed_21005/B_always_trace/attempt_01
radish_mexico,21005,B,Always-Trace,,,8,1022,1740.5,774,782,,,,,[],PASSIVE_OR_UNRELATED,results/phase4c/formal/radish_mexico/seed_21005/B_always_trace/attempt_01
radish_mexico,21005,B,Always-Trace,,,9,1074,1810.6,274,284,,,,,[],PASSIVE_OR_UNRELATED,results/phase4c/formal/radish_mexico/seed_21005/B_always_trace/attempt_01
radish_mexico,21005,B,Always-Trace,,,10,1431,2140.7,936,942,,,,,[],PASSIVE_OR_UNRELATED,results/phase4c/formal/radish_mexico/seed_21005/B_always_trace/attempt_01
radish_mexico,21005,B,Always-Trace,,,11,1449,2182.8,914,924,,,,,[],PASSIVE_OR_UNRELATED,results/phase4c/formal/radish_mexico/seed_21005/B_always_trace/attempt_01
radish_mexico,21005,B,Always-Trace,,,12,1520,2352.4,854,857,,,,,[],PASSIVE_OR_UNRELATED,results/phase4c/formal/radish_mexico/seed_21005/B_always_trace/attempt_01
radish_mexico,21005,B,Always-Trace,,,13,1563,2445.0,991,995,,,,,[],PASSIVE_OR_UNRELATED,results/phase4c/formal/radish_mexico/seed_21005/B_always_trace/attempt_01
radish_mexico,21005,B,Always-Trace,,,14,1577,2456.9,879,883,,,,,[],PASSIVE_OR_UNRELATED,results/phase4c/formal/radish_mexico/seed_21005/B_always_trace/attempt_01
radish_mexico,21005,C,Selective,,,1,539,722.2,274,277,,,,,[],PASSIVE_OR_UNRELATED,results/phase4c/formal/radish_mexico/seed_21005/C_selective/attempt_01
radish_mexico,21005,C,Selective,,,2,1036,1320.3,54,58,,,,,[],PASSIVE_OR_UNRELATED,results/phase4c/formal/radish_mexico/seed_21005/C_selective/attempt_01
radish_mexico,21005,C,Selective,,,3,1089,1419.1,794,797,,,,,[],PASSIVE_OR_UNRELATED,results/phase4c/formal/radish_mexico/seed_21005/C_selective/attempt_01
radish_mexico,21005,C,Selective,,,4,1234,1649.3,973,976,,,,,[],PASSIVE_OR_UNRELATED,results/phase4c/formal/radish_mexico/seed_21005/C_selective/attempt_01
radish_mexico,21005,C,Selective,,,5,1276,1690.3,1007,1014,,,,,[],PASSIVE_OR_UNRELATED,results/phase4c/formal/radish_mexico/seed_21005/C_selective/attempt_01
