timestamp,event,data
1787388478.966672659,REPLAN_REQUESTED,"{""message"": ""Replanning request. curr_vertex_idx: 0"", ""wall_time_utc"": ""2026-08-22T08:47:58.966693+00:00""}"
1787388478.970284939,SLAM_PATH_CREATED,"{""node"": ""/Navigator"", ""path"": [8, 7, 6, 5, 4, 3, 9, 15, 16, 10, 11, 35, 37, 20, 19, 15, 19, 23, 29, 30, 24, 25, 31, 32, 26, 27, 33, 34, 28, 22, 21, 38, 37, 38, 36, 12, 13, 14, 8, 14, 18, 17, 21], ""wall_time_utc"": ""2026-08-22T08:47:58.970392+00:00""}"
1787388478.970481634,LOOP_INSERTED,"{""path_index"": 15, ""vertex"": 15, ""wall_time_utc"": ""2026-08-22T08:47:58.970500+00:00""}"
1787388478.970481634,LOOP_INSERTED,"{""path_index"": 32, ""vertex"": 37, ""wall_time_utc"": ""2026-08-22T08:47:58.970520+00:00""}"
1787388478.970481634,LOOP_INSERTED,"{""path_index"": 38, ""vertex"": 8, ""wall_time_utc"": ""2026-08-22T08:47:58.970530+00:00""}"
1787388478.970481634,LOOP_INSERTED,"{""path_index"": 42, ""vertex"": 21, ""wall_time_utc"": ""2026-08-22T08:47:58.970539+00:00""}"
14.500000000,LOCAL_REPLAN,"{""message"": ""Call local replanning..."", ""wall_time_utc"": ""2026-08-22T08:48:17.240924+00:00""}"
14.500000000,REPLAN_REQUESTED,"{""message"": ""Replanning request. curr_vertex_idx: 0"", ""wall_time_utc"": ""2026-08-22T08:48:17.243061+00:00""}"
14.500000000,GOAL_REACHED,"{""vertex"": 8, ""wall_time_utc"": ""2026-08-22T08:48:17.245961+00:00""}"
14.500000000,NO_FRONTIER,"{""message"": ""No frontier at vertex 8. #Frontier: 0"", ""wall_time_utc"": ""2026-08-22T08:48:17.246002+00:00""}"
15.500000000,LOCAL_REPLAN,"{""message"": ""Call local replanning..."", ""wall_time_utc"": ""2026-08-22T08:48:22.246427+00:00""}"
15.500000000,REPLAN_REQUESTED,"{""message"": ""Replanning request. curr_vertex_idx: 1"", ""wall_time_utc"": ""2026-08-22T08:48:22.248434+00:00""}"
21.500000000,LOCAL_REPLAN,"{""message"": ""Call local replanning..."", ""wall_time_utc"": ""2026-08-22T08:48:52.245749+00:00""}"
21.500000000,REPLAN_REQUESTED,"{""message"": ""Replanning request. curr_vertex_idx: 1"", ""wall_time_utc"": ""2026-08-22T08:48:52.247754+00:00""}"
27.500000000,LOCAL_REPLAN,"{""message"": ""Call local replanning..."", ""wall_time_utc"": ""2026-08-22T08:49:22.293071+00:00""}"
27.500000000,REPLAN_REQUESTED,"{""message"": ""Replanning request. curr_vertex_idx: 1"", ""wall_time_utc"": ""2026-08-22T08:49:22.294653+00:00""}"
27.500000000,GOAL_REACHED,"{""vertex"": 7, ""wall_time_utc"": ""2026-08-22T08:49:22.297954+00:00""}"
33.500000000,LOCAL_REPLAN,"{""message"": ""Call local replanning..."", ""wall_time_utc"": ""2026-08-22T08:49:52.286808+00:00""}"
33.500000000,REPLAN_REQUESTED,"{""message"": ""Replanning request. curr_vertex_idx: 1"", ""wall_time_utc"": ""2026-08-22T08:49:52.288684+00:00""}"
33.500000000,NO_FRONTIER,"{""message"": ""No frontier at vertex 7. #Frontier: 0"", ""wall_time_utc"": ""2026-08-22T08:49:52.291338+00:00""}"
39.300000000,LOCAL_REPLAN,"{""message"": ""Call local replanning..."", ""wall_time_utc"": ""2026-08-22T08:50:21.314506+00:00""}"
39.300000000,REPLAN_REQUESTED,"{""message"": ""Replanning request. curr_vertex_idx: 2"", ""wall_time_utc"": ""2026-08-22T08:50:21.316299+00:00""}"
45.500000000,LOCAL_REPLAN,"{""message"": ""Call local replanning..."", ""wall_time_utc"": ""2026-08-22T08:50:52.275925+00:00""}"
45.500000000,REPLAN_REQUESTED,"{""message"": ""Replanning request. curr_vertex_idx: 2"", ""wall_time_utc"": ""2026-08-22T08:50:52.277898+00:00""}"
51.500000000,LOCAL_REPLAN,"{""message"": ""Call local replanning..."", ""wall_time_utc"": ""2026-08-22T08:51:22.262394+00:00""}"
51.500000000,REPLAN_REQUESTED,"{""message"": ""Replanning request. curr_vertex_idx: 2"", ""wall_time_utc"": ""2026-08-22T08:51:22.264182+00:00""}"
57.500000000,LOCAL_REPLAN,"{""message"": ""Call local replanning..."", ""wall_time_utc"": ""2026-08-22T08:51:52.311451+00:00""}"
57.500000000,REPLAN_REQUESTED,"{""message"": ""Replanning request. curr_vertex_idx: 2"", ""wall_time_utc"": ""2026-08-22T08:51:52.313427+00:00""}"
63.500000000,LOCAL_REPLAN,"{""message"": ""Call local replanning..."", ""wall_time_utc"": ""2026-08-22T08:52:22.278228+00:00""}"
63.500000000,REPLAN_REQUESTED,"{""message"": ""Replanning request. curr_vertex_idx: 2"", ""wall_time_utc"": ""2026-08-22T08:52:22.279951+00:00""}"
69.500000000,LOCAL_REPLAN,"{""message"": ""Call local replanning..."", ""wall_time_utc"": ""2026-08-22T08:52:52.285281+00:00""}"
69.500000000,REPLAN_REQUESTED,"{""message"": ""Replanning request. curr_vertex_idx: 2"", ""wall_time_utc"": ""2026-08-22T08:52:52.287397+00:00""}"
69.500000000,GOAL_REACHED,"{""vertex"": 6, ""wall_time_utc"": ""2026-08-22T08:52:52.289662+00:00""}"
73.500000000,LOCAL_REPLAN,"{""message"": ""Call local replanning..."", ""wall_time_utc"": ""2026-08-22T08:53:12.338522+00:00""}"
73.500000000,REPLAN_REQUESTED,"{""message"": ""Replanning request. curr_vertex_idx: 2"", ""wall_time_utc"": ""2026-08-22T08:53:12.340381+00:00""}"
79.500000000,LOCAL_REPLAN,"{""message"": ""Call local replanning..."", ""wall_time_utc"": ""2026-08-22T08:53:42.298710+00:00""}"
79.500000000,REPLAN_REQUESTED,"{""message"": ""Replanning request. curr_vertex_idx: 2"", ""wall_time_utc"": ""2026-08-22T08:53:42.300868+00:00""}"
79.500000000,NO_FRONTIER,"{""message"": ""No frontier at vertex 6. #Frontier: 0"", ""wall_time_utc"": ""2026-08-22T08:53:42.303297+00:00""}"
85.500000000,LOCAL_REPLAN,"{""message"": ""Call local replanning..."", ""wall_time_utc"": ""2026-08-22T08:54:12.305020+00:00""}"
85.500000000,REPLAN_REQUESTED,"{""message"": ""Replanning request. curr_vertex_idx: 3"", ""wall_time_utc"": ""2026-08-22T08:54:12.306766+00:00""}"
91.500000000,LOCAL_REPLAN,"{""message"": ""Call local replanning..."", ""wall_time_utc"": ""2026-08-22T08:54:42.359332+00:00""}"
91.500000000,REPLAN_REQUESTED,"{""message"": ""Replanning request. curr_vertex_idx: 3"", ""wall_time_utc"": ""2026-08-22T08:54:42.361292+00:00""}"
97.500000000,LOCAL_REPLAN,"{""message"": ""Call local replanning..."", ""wall_time_utc"": ""2026-08-22T08:55:12.363829+00:00""}"
97.500000000,REPLAN_REQUESTED,"{""message"": ""Replanning request. curr_vertex_idx: 3"", ""wall_time_utc"": ""2026-08-22T08:55:12.365685+00:00""}"
97.500000000,GOAL_REACHED,"{""vertex"": 5, ""wall_time_utc"": ""2026-08-22T08:55:12.368065+00:00""}"
103.300000000,LOCAL_REPLAN,"{""message"": ""Call local replanning..."", ""wall_time_utc"": ""2026-08-22T08:55:41.401558+00:00""}"
103.300000000,REPLAN_REQUESTED,"{""message"": ""Replanning request. curr_vertex_idx: 3"", ""wall_time_utc"": ""2026-08-22T08:55:41.403824+00:00""}"
103.300000000,NO_FRONTIER,"{""message"": ""No frontier at vertex 5. #Frontier: 0"", ""wall_time_utc"": ""2026-08-22T08:55:41.406925+00:00""}"
109.300000000,LOCAL_REPLAN,"{""message"": ""Call local replanning..."", ""wall_time_utc"": ""2026-08-22T08:56:11.369353+00:00""}"
109.300000000,REPLAN_REQUESTED,"{""message"": ""Replanning request. curr_vertex_idx: 4"", ""wall_time_utc"": ""2026-08-22T08:56:11.371571+00:00""}"
115.500000000,LOCAL_REPLAN,"{""message"": ""Call local replanning..."", ""wall_time_utc"": ""2026-08-22T08:56:42.325724+00:00""}"
115.500000000,REPLAN_REQUESTED,"{""message"": ""Replanning request. curr_vertex_idx: 4"", ""wall_time_utc"": ""2026-08-22T08:56:42.327856+00:00""}"
121.500000000,LOCAL_REPLAN,"{""message"": ""Call local replanning..."", ""wall_time_utc"": ""2026-08-22T08:57:12.415618+00:00""}"
121.500000000,REPLAN_REQUESTED,"{""message"": ""Replanning request. curr_vertex_idx: 4"", ""wall_time_utc"": ""2026-08-22T08:57:12.417629+00:00""}"
121.500000000,GOAL_REACHED,"{""vertex"": 4, ""wall_time_utc"": ""2026-08-22T08:57:12.420126+00:00""}"
123.300000000,LOCAL_REPLAN,"{""message"": ""Call local replanning..."", ""wall_time_utc"": ""2026-08-22T08:57:21.450471+00:00""}"
123.300000000,REPLAN_REQUESTED,"{""message"": ""Replanning request. curr_vertex_idx: 4"", ""wall_time_utc"": ""2026-08-22T08:57:21.452636+00:00""}"
123.300000000,NO_FRONTIER,"{""message"": ""No frontier at vertex 4. #Frontier: 0"", ""wall_time_utc"": ""2026-08-22T08:57:21.455325+00:00""}"
129.500000000,LOCAL_REPLAN,"{""message"": ""Call local replanning..."", ""wall_time_utc"": ""2026-08-22T08:57:52.351694+00:00""}"
129.500000000,REPLAN_REQUESTED,"{""message"": ""Replanning request. curr_vertex_idx: 5"", ""wall_time_utc"": ""2026-08-22T08:57:52.353786+00:00""}"
135.500000000,LOCAL_REPLAN,"{""message"": ""Call local replanning..."", ""wall_time_utc"": ""2026-08-22T08:58:22.356815+00:00""}"
135.500000000,REPLAN_REQUESTED,"{""message"": ""Replanning request. curr_vertex_idx: 5"", ""wall_time_utc"": ""2026-08-22T08:58:22.358994+00:00""}"
141.300000000,LOCAL_REPLAN,"{""message"": ""Call local replanning..."", ""wall_time_utc"": ""2026-08-22T08:58:51.471141+00:00""}"
141.300000000,REPLAN_REQUESTED,"{""message"": ""Replanning request. curr_vertex_idx: 5"", ""wall_time_utc"": ""2026-08-22T08:58:51.473021+00:00""}"
146.500000000,LOCAL_REPLAN,"{""message"": ""Call local replanning..."", ""wall_time_utc"": ""2026-08-22T08:59:17.438447+00:00""}"
146.500000000,REPLAN_REQUESTED,"{""message"": ""Replanning request. curr_vertex_idx: 5"", ""wall_time_utc"": ""2026-08-22T08:59:17.440498+00:00""}"
146.500000000,GOAL_REACHED,"{""vertex"": 3, ""wall_time_utc"": ""2026-08-22T08:59:17.443438+00:00""}"
152.500000000,LOCAL_REPLAN,"{""message"": ""Call local replanning..."", ""wall_time_utc"": ""2026-08-22T08:59:47.403369+00:00""}"
152.500000000,REPLAN_REQUESTED,"{""message"": ""Replanning request. curr_vertex_idx: 5"", ""wall_time_utc"": ""2026-08-22T08:59:47.405148+00:00""}"
152.500000000,NO_FRONTIER,"{""message"": ""No frontier at vertex 3. #Frontier: 0"", ""wall_time_utc"": ""2026-08-22T08:59:47.408470+00:00""}"
158.500000000,LOCAL_REPLAN,"{""message"": ""Call local replanning..."", ""wall_time_utc"": ""2026-08-22T09:00:17.449938+00:00""}"
158.500000000,REPLAN_REQUESTED,"{""message"": ""Replanning request. curr_vertex_idx: 6"", ""wall_time_utc"": ""2026-08-22T09:00:17.452113+00:00""}"
164.500000000,LOCAL_REPLAN,"{""message"": ""Call local replanning..."", ""wall_time_utc"": ""2026-08-22T09:00:47.447636+00:00""}"
164.500000000,REPLAN_REQUESTED,"{""message"": ""Replanning request. curr_vertex_idx: 6"", ""wall_time_utc"": ""2026-08-22T09:00:47.449745+00:00""}"
170.500000000,LOCAL_REPLAN,"{""message"": ""Call local replanning..."", ""wall_time_utc"": ""2026-08-22T09:01:17.469562+00:00""}"
170.500000000,REPLAN_REQUESTED,"{""message"": ""Replanning request. curr_vertex_idx: 6"", ""wall_time_utc"": ""2026-08-22T09:01:17.471649+00:00""}"
176.300000000,LOCAL_REPLAN,"{""message"": ""Call local replanning..."", ""wall_time_utc"": ""2026-08-22T09:01:46.447556+00:00""}"
176.300000000,REPLAN_REQUESTED,"{""message"": ""Replanning request. curr_vertex_idx: 6"", ""wall_time_utc"": ""2026-08-22T09:01:46.449370+00:00""}"
176.300000000,GOAL_REACHED,"{""vertex"": 9, ""wall_time_utc"": ""2026-08-22T09:01:46.452682+00:00""}"
179.500000000,LOCAL_REPLAN,"{""message"": ""Call local replanning..."", ""wall_time_utc"": ""2026-08-22T09:02:02.379768+00:00""}"
179.500000000,REPLAN_REQUESTED,"{""message"": ""Replanning request. curr_vertex_idx: 6"", ""wall_time_utc"": ""2026-08-22T09:02:02.381560+00:00""}"
179.500000000,NO_FRONTIER,"{""message"": ""No frontier at vertex 9. #Frontier: 0"", ""wall_time_utc"": ""2026-08-22T09:02:02.384365+00:00""}"
185.500000000,LOCAL_REPLAN,"{""message"": ""Call local replanning..."", ""wall_time_utc"": ""2026-08-22T09:02:32.375785+00:00""}"
185.500000000,REPLAN_REQUESTED,"{""message"": ""Replanning request. curr_vertex_idx: 7"", ""wall_time_utc"": ""2026-08-22T09:02:32.377485+00:00""}"
191.500000000,LOCAL_REPLAN,"{""message"": ""Call local replanning..."", ""wall_time_utc"": ""2026-08-22T09:03:02.391658+00:00""}"
191.500000000,REPLAN_REQUESTED,"{""message"": ""Replanning request. curr_vertex_idx: 7"", ""wall_time_utc"": ""2026-08-22T09:03:02.393607+00:00""}"
197.500000000,LOCAL_REPLAN,"{""message"": ""Call local replanning..."", ""wall_time_utc"": ""2026-08-22T09:03:32.386860+00:00""}"
197.500000000,REPLAN_REQUESTED,"{""message"": ""Replanning request. curr_vertex_idx: 7"", ""wall_time_utc"": ""2026-08-22T09:03:32.388917+00:00""}"
203.500000000,LOCAL_REPLAN,"{""message"": ""Call local replanning..."", ""wall_time_utc"": ""2026-08-22T09:04:02.395243+00:00""}"
203.500000000,REPLAN_REQUESTED,"{""message"": ""Replanning request. curr_vertex_idx: 7"", ""wall_time_utc"": ""2026-08-22T09:04:02.397284+00:00""}"
209.500000000,LOCAL_REPLAN,"{""message"": ""Call local replanning..."", ""wall_time_utc"": ""2026-08-22T09:04:32.416072+00:00""}"
209.500000000,REPLAN_REQUESTED,"{""message"": ""Replanning request. curr_vertex_idx: 7"", ""wall_time_utc"": ""2026-08-22T09:04:32.418172+00:00""}"
215.500000000,LOCAL_REPLAN,"{""message"": ""Call local replanning..."", ""wall_time_utc"": ""2026-08-22T09:05:02.402758+00:00""}"
215.500000000,REPLAN_REQUESTED,"{""message"": ""Replanning request. curr_vertex_idx: 7"", ""wall_time_utc"": ""2026-08-22T09:05:02.404854+00:00""}"
221.500000000,LOCAL_REPLAN,"{""message"": ""Call local replanning..."", ""wall_time_utc"": ""2026-08-22T09:05:32.407680+00:00""}"
221.500000000,REPLAN_REQUESTED,"{""message"": ""Replanning request. curr_vertex_idx: 7"", ""wall_time_utc"": ""2026-08-22T09:05:32.409617+00:00""}"
221.500000000,GOAL_REACHED,"{""vertex"": 15, ""wall_time_utc"": ""2026-08-22T09:05:32.413328+00:00""}"
224.500000000,LOCAL_REPLAN,"{""message"": ""Call local replanning..."", ""wall_time_utc"": ""2026-08-22T09:05:47.407115+00:00""}"
224.500000000,REPLAN_REQUESTED,"{""message"": ""Replanning request. curr_vertex_idx: 7"", ""wall_time_utc"": ""2026-08-22T09:05:47.409029+00:00""}"
224.500000000,NO_FRONTIER,"{""message"": ""No frontier at vertex 15. #Frontier: 0"", ""wall_time_utc"": ""2026-08-22T09:05:47.411713+00:00""}"
230.500000000,LOCAL_REPLAN,"{""message"": ""Call local replanning..."", ""wall_time_utc"": ""2026-08-22T09:06:17.545791+00:00""}"
230.500000000,REPLAN_REQUESTED,"{""message"": ""Replanning request. curr_vertex_idx: 8"", ""wall_time_utc"": ""2026-08-22T09:06:17.547740+00:00""}"
236.500000000,LOCAL_REPLAN,"{""message"": ""Call local replanning..."", ""wall_time_utc"": ""2026-08-22T09:06:47.416277+00:00""}"
236.500000000,REPLAN_REQUESTED,"{""message"": ""Replanning request. curr_vertex_idx: 8"", ""wall_time_utc"": ""2026-08-22T09:06:47.418451+00:00""}"
242.500000000,LOCAL_REPLAN,"{""message"": ""Call local replanning..."", ""wall_time_utc"": ""2026-08-22T09:07:17.411381+00:00""}"
242.500000000,REPLAN_REQUESTED,"{""message"": ""Replanning request. curr_vertex_idx: 8"", ""wall_time_utc"": ""2026-08-22T09:07:17.413569+00:00""}"
248.300000000,LOCAL_REPLAN,"{""message"": ""Call local replanning..."", ""wall_time_utc"": ""2026-08-22T09:07:46.622730+00:00""}"
248.300000000,REPLAN_REQUESTED,"{""message"": ""Replanning request. curr_vertex_idx: 8"", ""wall_time_utc"": ""2026-08-22T09:07:46.624819+00:00""}"
254.500000000,LOCAL_REPLAN,"{""message"": ""Call local replanning..."", ""wall_time_utc"": ""2026-08-22T09:08:17.426494+00:00""}"
254.500000000,REPLAN_REQUESTED,"{""message"": ""Replanning request. curr_vertex_idx: 8"", ""wall_time_utc"": ""2026-08-22T09:08:17.428760+00:00""}"
254.500000000,GOAL_REACHED,"{""vertex"": 16, ""wall_time_utc"": ""2026-08-22T09:08:17.443403+00:00""}"
260.500000000,LOCAL_REPLAN,"{""message"": ""Call local replanning..."", ""wall_time_utc"": ""2026-08-22T09:08:47.423589+00:00""}"
260.500000000,REPLAN_REQUESTED,"{""message"": ""Replanning request. curr_vertex_idx: 8"", ""wall_time_utc"": ""2026-08-22T09:08:47.425698+00:00""}"
266.500000000,LOCAL_REPLAN,"{""message"": ""Call local replanning..."", ""wall_time_utc"": ""2026-08-22T09:09:17.477681+00:00""}"
266.500000000,REPLAN_REQUESTED,"{""message"": ""Replanning request. curr_vertex_idx: 8"", ""wall_time_utc"": ""2026-08-22T09:09:17.479735+00:00""}"
266.500000000,NO_FRONTIER,"{""message"": ""No frontier at vertex 16. #Frontier: 0"", ""wall_time_utc"": ""2026-08-22T09:09:17.493073+00:00""}"
266.500000000,REPEATED_VISIT_SKIP,"{""message"": ""Skip repeated visit to vertex 10"", ""wall_time_utc"": ""2026-08-22T09:09:17.493119+00:00""}"
272.500000000,LOCAL_REPLAN,"{""message"": ""Call local replanning..."", ""wall_time_utc"": ""2026-08-22T09:09:47.566261+00:00""}"
272.500000000,REPLAN_REQUESTED,"{""message"": ""Replanning request. curr_vertex_idx: 10"", ""wall_time_utc"": ""2026-08-22T09:09:47.568356+00:00""}"
278.500000000,LOCAL_REPLAN,"{""message"": ""Call local replanning..."", ""wall_time_utc"": ""2026-08-22T09:10:17.580689+00:00""}"
278.500000000,REPLAN_REQUESTED,"{""message"": ""Replanning request. curr_vertex_idx: 10"", ""wall_time_utc"": ""2026-08-22T09:10:17.582734+00:00""}"
284.500000000,LOCAL_REPLAN,"{""message"": ""Call local replanning..."", ""wall_time_utc"": ""2026-08-22T09:10:47.585275+00:00""}"
284.500000000,REPLAN_REQUESTED,"{""message"": ""Replanning request. curr_vertex_idx: 10"", ""wall_time_utc"": ""2026-08-22T09:10:47.587391+00:00""}"
290.500000000,LOCAL_REPLAN,"{""message"": ""Call local replanning..."", ""wall_time_utc"": ""2026-08-22T09:11:17.459227+00:00""}"
290.500000000,REPLAN_REQUESTED,"{""message"": ""Replanning request. curr_vertex_idx: 10"", ""wall_time_utc"": ""2026-08-22T09:11:17.461331+00:00""}"
296.500000000,LOCAL_REPLAN,"{""message"": ""Call local replanning..."", ""wall_time_utc"": ""2026-08-22T09:11:47.467879+00:00""}"
296.500000000,REPLAN_REQUESTED,"{""message"": ""Replanning request. curr_vertex_idx: 10"", ""wall_time_utc"": ""2026-08-22T09:11:47.469847+00:00""}"
296.500000000,GOAL_SKIP,"{""message"": ""Skip currGoal 11 that has no frontier and seen by robot"", ""wall_time_utc"": ""2026-08-22T09:11:47.484597+00:00""}"
302.500000000,LOCAL_REPLAN,"{""message"": ""Call local replanning..."", ""wall_time_utc"": ""2026-08-22T09:12:17.469456+00:00""}"
302.500000000,REPLAN_REQUESTED,"{""message"": ""Replanning request. curr_vertex_idx: 11"", ""wall_time_utc"": ""2026-08-22T09:12:17.471442+00:00""}"
302.500000000,GOAL_REACHED,"{""vertex"": 35, ""wall_time_utc"": ""2026-08-22T09:12:17.484918+00:00""}"
308.500000000,LOCAL_REPLAN,"{""message"": ""Call local replanning..."", ""wall_time_utc"": ""2026-08-22T09:12:47.522542+00:00""}"
308.500000000,REPLAN_REQUESTED,"{""message"": ""Replanning request. curr_vertex_idx: 11"", ""wall_time_utc"": ""2026-08-22T09:12:47.524723+00:00""}"
314.500000000,LOCAL_REPLAN,"{""message"": ""Call local replanning..."", ""wall_time_utc"": ""2026-08-22T09:13:17.479013+00:00""}"
314.500000000,REPLAN_REQUESTED,"{""message"": ""Replanning request. curr_vertex_idx: 11"", ""wall_time_utc"": ""2026-08-22T09:13:17.480879+00:00""}"
320.500000000,LOCAL_REPLAN,"{""message"": ""Call local replanning..."", ""wall_time_utc"": ""2026-08-22T09:13:47.625791+00:00""}"
320.500000000,REPLAN_REQUESTED,"{""message"": ""Replanning request. curr_vertex_idx: 11"", ""wall_time_utc"": ""2026-08-22T09:13:47.627620+00:00""}"
320.500000000,NO_FRONTIER,"{""message"": ""No frontier at vertex 35. #Frontier: 0"", ""wall_time_utc"": ""2026-08-22T09:13:47.640676+00:00""}"
326.500000000,LOCAL_REPLAN,"{""message"": ""Call local replanning..."", ""wall_time_utc"": ""2026-08-22T09:14:17.546650+00:00""}"
326.500000000,REPLAN_REQUESTED,"{""message"": ""Replanning request. curr_vertex_idx: 12"", ""wall_time_utc"": ""2026-08-22T09:14:17.548455+00:00""}"
332.500000000,LOCAL_REPLAN,"{""message"": ""Call local replanning..."", ""wall_time_utc"": ""2026-08-22T09:14:47.636451+00:00""}"
332.500000000,REPLAN_REQUESTED,"{""message"": ""Replanning request. curr_vertex_idx: 12"", ""wall_time_utc"": ""2026-08-22T09:14:47.638337+00:00""}"
338.500000000,LOCAL_REPLAN,"{""message"": ""Call local replanning..."", ""wall_time_utc"": ""2026-08-22T09:15:17.489851+00:00""}"
338.500000000,REPLAN_REQUESTED,"{""message"": ""Replanning request. curr_vertex_idx: 12"", ""wall_time_utc"": ""2026-08-22T09:15:17.491863+00:00""}"
344.500000000,LOCAL_REPLAN,"{""message"": ""Call local replanning..."", ""wall_time_utc"": ""2026-08-22T09:15:47.534503+00:00""}"
344.500000000,REPLAN_REQUESTED,"{""message"": ""Replanning request. curr_vertex_idx: 12"", ""wall_time_utc"": ""2026-08-22T09:15:47.536431+00:00""}"
344.500000000,GOAL_SKIP,"{""message"": ""Skip currGoal 37 that has no frontier and seen by robot"", ""wall_time_utc"": ""2026-08-22T09:15:47.550134+00:00""}"
350.500000000,LOCAL_REPLAN,"{""message"": ""Call local replanning..."", ""wall_time_utc"": ""2026-08-22T09:16:17.509503+00:00""}"
350.500000000,REPLAN_REQUESTED,"{""message"": ""Replanning request. curr_vertex_idx: 13"", ""wall_time_utc"": ""2026-08-22T09:16:17.511506+00:00""}"
356.500000000,LOCAL_REPLAN,"{""message"": ""Call local replanning..."", ""wall_time_utc"": ""2026-08-22T09:16:47.500731+00:00""}"
356.500000000,REPLAN_REQUESTED,"{""message"": ""Replanning request. curr_vertex_idx: 13"", ""wall_time_utc"": ""2026-08-22T09:16:47.502833+00:00""}"
362.500000000,LOCAL_REPLAN,"{""message"": ""Call local replanning..."", ""wall_time_utc"": ""2026-08-22T09:17:17.508626+00:00""}"
362.500000000,REPLAN_REQUESTED,"{""message"": ""Replanning request. curr_vertex_idx: 13"", ""wall_time_utc"": ""2026-08-22T09:17:17.510840+00:00""}"
368.500000000,LOCAL_REPLAN,"{""message"": ""Call local replanning..."", ""wall_time_utc"": ""2026-08-22T09:17:47.564537+00:00""}"
368.500000000,REPLAN_REQUESTED,"{""message"": ""Replanning request. curr_vertex_idx: 13"", ""wall_time_utc"": ""2026-08-22T09:17:47.566591+00:00""}"
374.500000000,LOCAL_REPLAN,"{""message"": ""Call local replanning..."", ""wall_time_utc"": ""2026-08-22T09:18:17.670173+00:00""}"
374.500000000,REPLAN_REQUESTED,"{""message"": ""Replanning request. curr_vertex_idx: 13"", ""wall_time_utc"": ""2026-08-22T09:18:17.672370+00:00""}"
374.500000000,GOAL_REACHED,"{""vertex"": 20, ""wall_time_utc"": ""2026-08-22T09:18:17.685356+00:00""}"
380.500000000,LOCAL_REPLAN,"{""message"": ""Call local replanning..."", ""wall_time_utc"": ""2026-08-22T09:18:47.507406+00:00""}"
380.500000000,REPLAN_REQUESTED,"{""message"": ""Replanning request. curr_vertex_idx: 13"", ""wall_time_utc"": ""2026-08-22T09:18:47.509037+00:00""}"
386.800000000,LOCAL_REPLAN,"{""message"": ""Call local replanning..."", ""wall_time_utc"": ""2026-08-22T09:19:00.737126+00:00""}"
386.800000000,REPLAN_REQUESTED,"{""message"": ""Replanning request. curr_vertex_idx: 13"", ""wall_time_utc"": ""2026-08-22T09:19:00.738789+00:00""}"
386.800000000,NO_FRONTIER,"{""message"": ""No frontier at vertex 20. #Frontier: 0"", ""wall_time_utc"": ""2026-08-22T09:19:00.751772+00:00""}"
392.800000000,LOCAL_REPLAN,"{""message"": ""Call local replanning..."", ""wall_time_utc"": ""2026-08-22T09:19:06.729198+00:00""}"
392.800000000,REPLAN_REQUESTED,"{""message"": ""Replanning request. curr_vertex_idx: 14"", ""wall_time_utc"": ""2026-08-22T09:19:06.731823+00:00""}"
398.700000000,LOCAL_REPLAN,"{""message"": ""Call local replanning..."", ""wall_time_utc"": ""2026-08-22T09:19:12.622352+00:00""}"
398.700000000,REPLAN_REQUESTED,"{""message"": ""Replanning request. curr_vertex_idx: 14"", ""wall_time_utc"": ""2026-08-22T09:19:12.624297+00:00""}"
398.700000000,GOAL_REACHED,"{""vertex"": 19, ""wall_time_utc"": ""2026-08-22T09:19:12.632518+00:00""}"
404.700000000,LOCAL_REPLAN,"{""message"": ""Call local replanning..."", ""wall_time_utc"": ""2026-08-22T09:19:18.634367+00:00""}"
404.700000000,REPLAN_REQUESTED,"{""message"": ""Replanning request. curr_vertex_idx: 14"", ""wall_time_utc"": ""2026-08-22T09:19:18.636058+00:00""}"
404.700000000,NO_FRONTIER,"{""message"": ""No frontier at vertex 19. #Frontier: 0"", ""wall_time_utc"": ""2026-08-22T09:19:18.639425+00:00""}"
411.000000000,LOOP_PLANNED,"{""loop_id"": 1, ""vertex"": 15, ""wall_time_utc"": ""2026-08-22T09:19:24.954573+00:00""}"
411.000000000,LOOP_PATH_OBSERVED,"{""loop_id"": 1, ""path"": [[20.456089, 56.1620674], [21.1342258, 55.4729233], [21.7017174, 54.6653671], [21.9824066, 53.6703682], [22.0139198, 52.7398605]], ""source"": ""reliable_loop_service"", ""vertex"": 15, ""wall_time_utc"": ""2026-08-22T09:19:24.956084+00:00""}"
417.000000000,LOOP_STARTED,"{""loop_id"": 1, ""vertex"": 15, ""wall_time_utc"": ""2026-08-22T09:19:30.942897+00:00""}"
464.900000000,LOOP_WAYPOINT_REACHED,"{""loop_id"": 1, ""wall_time_utc"": ""2026-08-22T09:20:18.853852+00:00"", ""waypoint"": 0}"
469.000000000,LOOP_WAYPOINT_REACHED,"{""loop_id"": 1, ""wall_time_utc"": ""2026-08-22T09:20:22.978977+00:00"", ""waypoint"": 1}"
471.000000000,LOOP_WAYPOINT_REACHED,"{""loop_id"": 1, ""wall_time_utc"": ""2026-08-22T09:20:24.924165+00:00"", ""waypoint"": 2}"
473.000000000,LOOP_WAYPOINT_REACHED,"{""loop_id"": 1, ""wall_time_utc"": ""2026-08-22T09:20:26.966315+00:00"", ""waypoint"": 3}"
474.500000000,LOOP_WAYPOINT_REACHED,"{""loop_id"": 1, ""wall_time_utc"": ""2026-08-22T09:20:34.825371+00:00"", ""waypoint"": 4}"
474.500000000,LOOP_FINISHED,"{""executed_loop"": true, ""loop_id"": 1, ""vertex"": 15, ""wall_time_utc"": ""2026-08-22T09:20:34.825441+00:00""}"
474.500000000,REPLAN_REQUESTED,"{""message"": ""Replanning request. curr_vertex_idx: 15"", ""wall_time_utc"": ""2026-08-22T09:20:34.827376+00:00""}"
474.500000000,REPEATED_VISIT_SKIP,"{""message"": ""Skip repeated visit to vertex 19"", ""wall_time_utc"": ""2026-08-22T09:20:34.829699+00:00""}"
480.500000000,LOCAL_REPLAN,"{""message"": ""Call local replanning..."", ""wall_time_utc"": ""2026-08-22T09:21:04.718231+00:00""}"
480.500000000,REPLAN_REQUESTED,"{""message"": ""Replanning request. curr_vertex_idx: 17"", ""wall_time_utc"": ""2026-08-22T09:21:04.720147+00:00""}"
486.300000000,LOCAL_REPLAN,"{""message"": ""Call local replanning..."", ""wall_time_utc"": ""2026-08-22T09:21:33.620709+00:00""}"
486.300000000,REPLAN_REQUESTED,"{""message"": ""Replanning request. curr_vertex_idx: 17"", ""wall_time_utc"": ""2026-08-22T09:21:33.623218+00:00""}"
492.500000000,LOCAL_REPLAN,"{""message"": ""Call local replanning..."", ""wall_time_utc"": ""2026-08-22T09:22:04.535485+00:00""}"
492.500000000,REPLAN_REQUESTED,"{""message"": ""Replanning request. curr_vertex_idx: 17"", ""wall_time_utc"": ""2026-08-22T09:22:04.537381+00:00""}"
498.500000000,LOCAL_REPLAN,"{""message"": ""Call local replanning..."", ""wall_time_utc"": ""2026-08-22T09:22:34.535050+00:00""}"
498.500000000,REPLAN_REQUESTED,"{""message"": ""Replanning request. curr_vertex_idx: 17"", ""wall_time_utc"": ""2026-08-22T09:22:34.537046+00:00""}"
504.500000000,LOCAL_REPLAN,"{""message"": ""Call local replanning..."", ""wall_time_utc"": ""2026-08-22T09:23:04.718955+00:00""}"
504.500000000,REPLAN_REQUESTED,"{""message"": ""Replanning request. curr_vertex_idx: 17"", ""wall_time_utc"": ""2026-08-22T09:23:04.720954+00:00""}"
510.500000000,LOCAL_REPLAN,"{""message"": ""Call local replanning..."", ""wall_time_utc"": ""2026-08-22T09:23:34.731030+00:00""}"
510.500000000,REPLAN_REQUESTED,"{""message"": ""Replanning request. curr_vertex_idx: 17"", ""wall_time_utc"": ""2026-08-22T09:23:34.733186+00:00""}"
516.500000000,LOCAL_REPLAN,"{""message"": ""Call local replanning..."", ""wall_time_utc"": ""2026-08-22T09:24:04.534309+00:00""}"
516.500000000,REPLAN_REQUESTED,"{""message"": ""Replanning request. curr_vertex_idx: 17"", ""wall_time_utc"": ""2026-08-22T09:24:04.536518+00:00""}"
522.500000000,LOCAL_REPLAN,"{""message"": ""Call local replanning..."", ""wall_time_utc"": ""2026-08-22T09:24:34.537920+00:00""}"
522.500000000,REPLAN_REQUESTED,"{""message"": ""Replanning request. curr_vertex_idx: 17"", ""wall_time_utc"": ""2026-08-22T09:24:34.540027+00:00""}"
528.500000000,LOCAL_REPLAN,"{""message"": ""Call local replanning..."", ""wall_time_utc"": ""2026-08-22T09:25:04.535520+00:00""}"
528.500000000,REPLAN_REQUESTED,"{""message"": ""Replanning request. curr_vertex_idx: 17"", ""wall_time_utc"": ""2026-08-22T09:25:04.537484+00:00""}"
534.500000000,LOCAL_REPLAN,"{""message"": ""Call local replanning..."", ""wall_time_utc"": ""2026-08-22T09:25:34.736315+00:00""}"
534.500000000,REPLAN_REQUESTED,"{""message"": ""Replanning request. curr_vertex_idx: 17"", ""wall_time_utc"": ""2026-08-22T09:25:34.738219+00:00""}"
540.500000000,LOCAL_REPLAN,"{""message"": ""Call local replanning..."", ""wall_time_utc"": ""2026-08-22T09:26:04.543904+00:00""}"
540.500000000,REPLAN_REQUESTED,"{""message"": ""Replanning request. curr_vertex_idx: 17"", ""wall_time_utc"": ""2026-08-22T09:26:04.545623+00:00""}"
540.500000000,GOAL_REACHED,"{""vertex"": 23, ""wall_time_utc"": ""2026-08-22T09:26:04.564550+00:00""}"
546.500000000,LOCAL_REPLAN,"{""message"": ""Call local replanning..."", ""wall_time_utc"": ""2026-08-22T09:26:34.726014+00:00""}"
546.500000000,REPLAN_REQUESTED,"{""message"": ""Replanning request. curr_vertex_idx: 17"", ""wall_time_utc"": ""2026-08-22T09:26:34.728033+00:00""}"
546.500000000,NO_FRONTIER,"{""message"": ""No frontier at vertex 23. #Frontier: 0"", ""wall_time_utc"": ""2026-08-22T09:26:34.747235+00:00""}"
552.500000000,LOCAL_REPLAN,"{""message"": ""Call local replanning..."", ""wall_time_utc"": ""2026-08-22T09:27:04.729421+00:00""}"
552.500000000,REPLAN_REQUESTED,"{""message"": ""Replanning request. curr_vertex_idx: 18"", ""wall_time_utc"": ""2026-08-22T09:27:04.731258+00:00""}"
558.500000000,LOCAL_REPLAN,"{""message"": ""Call local replanning..."", ""wall_time_utc"": ""2026-08-22T09:27:34.559197+00:00""}"
558.500000000,REPLAN_REQUESTED,"{""message"": ""Replanning request. curr_vertex_idx: 18"", ""wall_time_utc"": ""2026-08-22T09:27:34.561229+00:00""}"
564.500000000,LOCAL_REPLAN,"{""message"": ""Call local replanning..."", ""wall_time_utc"": ""2026-08-22T09:28:04.547673+00:00""}"
564.500000000,REPLAN_REQUESTED,"{""message"": ""Replanning request. curr_vertex_idx: 18"", ""wall_time_utc"": ""2026-08-22T09:28:04.549774+00:00""}"
564.500000000,GOAL_SKIP,"{""message"": ""Skip currGoal 29 that has no frontier and seen by robot"", ""wall_time_utc"": ""2026-08-22T09:28:04.569027+00:00""}"
570.500000000,LOCAL_REPLAN,"{""message"": ""Call local replanning..."", ""wall_time_utc"": ""2026-08-22T09:28:34.757486+00:00""}"
570.500000000,REPLAN_REQUESTED,"{""message"": ""Replanning request. curr_vertex_idx: 19"", ""wall_time_utc"": ""2026-08-22T09:28:34.759714+00:00""}"
576.500000000,LOCAL_REPLAN,"{""message"": ""Call local replanning..."", ""wall_time_utc"": ""2026-08-22T09:29:04.559904+00:00""}"
576.500000000,REPLAN_REQUESTED,"{""message"": ""Replanning request. curr_vertex_idx: 19"", ""wall_time_utc"": ""2026-08-22T09:29:04.562070+00:00""}"
576.500000000,GOAL_REACHED,"{""vertex"": 30, ""wall_time_utc"": ""2026-08-22T09:29:04.579320+00:00""}"
579.500000000,LOCAL_REPLAN,"{""message"": ""Call local replanning..."", ""wall_time_utc"": ""2026-08-22T09:29:19.711869+00:00""}"
579.500000000,REPLAN_REQUESTED,"{""message"": ""Replanning request. curr_vertex_idx: 19"", ""wall_time_utc"": ""2026-08-22T09:29:19.714248+00:00""}"
585.500000000,LOCAL_REPLAN,"{""message"": ""Call local replanning..."", ""wall_time_utc"": ""2026-08-22T09:29:49.753857+00:00""}"
585.500000000,REPLAN_REQUESTED,"{""message"": ""Replanning request. curr_vertex_idx: 19"", ""wall_time_utc"": ""2026-08-22T09:29:49.756342+00:00""}"
585.500000000,NO_FRONTIER,"{""message"": ""No frontier at vertex 30. #Frontier: 0"", ""wall_time_utc"": ""2026-08-22T09:29:49.775059+00:00""}"
591.500000000,LOCAL_REPLAN,"{""message"": ""Call local replanning..."", ""wall_time_utc"": ""2026-08-22T09:30:19.564460+00:00""}"
591.500000000,REPLAN_REQUESTED,"{""message"": ""Replanning request. curr_vertex_idx: 20"", ""wall_time_utc"": ""2026-08-22T09:30:19.566263+00:00""}"
591.500000000,GOAL_SKIP,"{""message"": ""Skip currGoal 24 that has no frontier and seen by robot"", ""wall_time_utc"": ""2026-08-22T09:30:19.584531+00:00""}"
597.500000000,LOCAL_REPLAN,"{""message"": ""Call local replanning..."", ""wall_time_utc"": ""2026-08-22T09:30:49.584434+00:00""}"
597.500000000,REPLAN_REQUESTED,"{""message"": ""Replanning request. curr_vertex_idx: 21"", ""wall_time_utc"": ""2026-08-22T09:30:49.586844+00:00""}"
603.500000000,LOCAL_REPLAN,"{""message"": ""Call local replanning..."", ""wall_time_utc"": ""2026-08-22T09:31:19.563161+00:00""}"
603.500000000,REPLAN_REQUESTED,"{""message"": ""Replanning request. curr_vertex_idx: 21"", ""wall_time_utc"": ""2026-08-22T09:31:19.564890+00:00""}"
609.500000000,LOCAL_REPLAN,"{""message"": ""Call local replanning..."", ""wall_time_utc"": ""2026-08-22T09:31:49.567274+00:00""}"
609.500000000,REPLAN_REQUESTED,"{""message"": ""Replanning request. curr_vertex_idx: 21"", ""wall_time_utc"": ""2026-08-22T09:31:49.569345+00:00""}"
615.500000000,LOCAL_REPLAN,"{""message"": ""Call local replanning..."", ""wall_time_utc"": ""2026-08-22T09:32:19.759647+00:00""}"
615.500000000,REPLAN_REQUESTED,"{""message"": ""Replanning request. curr_vertex_idx: 21"", ""wall_time_utc"": ""2026-08-22T09:32:19.762065+00:00""}"
621.500000000,LOCAL_REPLAN,"{""message"": ""Call local replanning..."", ""wall_time_utc"": ""2026-08-22T09:32:49.793186+00:00""}"
621.500000000,REPLAN_REQUESTED,"{""message"": ""Replanning request. curr_vertex_idx: 21"", ""wall_time_utc"": ""2026-08-22T09:32:49.795412+00:00""}"
627.500000000,LOCAL_REPLAN,"{""message"": ""Call local replanning..."", ""wall_time_utc"": ""2026-08-22T09:33:19.559188+00:00""}"
627.500000000,REPLAN_REQUESTED,"{""message"": ""Replanning request. curr_vertex_idx: 21"", ""wall_time_utc"": ""2026-08-22T09:33:19.561493+00:00""}"
633.500000000,LOCAL_REPLAN,"{""message"": ""Call local replanning..."", ""wall_time_utc"": ""2026-08-22T09:33:49.763754+00:00""}"
633.500000000,REPLAN_REQUESTED,"{""message"": ""Replanning request. curr_vertex_idx: 21"", ""wall_time_utc"": ""2026-08-22T09:33:49.765911+00:00""}"
639.500000000,LOCAL_REPLAN,"{""message"": ""Call local replanning..."", ""wall_time_utc"": ""2026-08-22T09:34:19.766707+00:00""}"
639.500000000,REPLAN_REQUESTED,"{""message"": ""Replanning request. curr_vertex_idx: 21"", ""wall_time_utc"": ""2026-08-22T09:34:19.768739+00:00""}"
645.500000000,LOCAL_REPLAN,"{""message"": ""Call local replanning..."", ""wall_time_utc"": ""2026-08-22T09:34:49.739815+00:00""}"
645.500000000,REPLAN_REQUESTED,"{""message"": ""Replanning request. curr_vertex_idx: 21"", ""wall_time_utc"": ""2026-08-22T09:34:49.741899+00:00""}"
651.500000000,LOCAL_REPLAN,"{""message"": ""Call local replanning..."", ""wall_time_utc"": ""2026-08-22T09:35:19.763026+00:00""}"
651.500000000,REPLAN_REQUESTED,"{""message"": ""Replanning request. curr_vertex_idx: 21"", ""wall_time_utc"": ""2026-08-22T09:35:19.765099+00:00""}"
651.500000000,GOAL_REACHED,"{""vertex"": 25, ""wall_time_utc"": ""2026-08-22T09:35:19.782243+00:00""}"
657.500000000,LOCAL_REPLAN,"{""message"": ""Call local replanning..."", ""wall_time_utc"": ""2026-08-22T09:35:49.586458+00:00""}"
657.500000000,REPLAN_REQUESTED,"{""message"": ""Replanning request. curr_vertex_idx: 21"", ""wall_time_utc"": ""2026-08-22T09:35:49.588518+00:00""}"
657.500000000,NO_FRONTIER,"{""message"": ""No frontier at vertex 25. #Frontier: 0"", ""wall_time_utc"": ""2026-08-22T09:35:49.605471+00:00""}"
663.500000000,LOCAL_REPLAN,"{""message"": ""Call local replanning..."", ""wall_time_utc"": ""2026-08-22T09:36:19.598305+00:00""}"
663.500000000,REPLAN_REQUESTED,"{""message"": ""Replanning request. curr_vertex_idx: 22"", ""wall_time_utc"": ""2026-08-22T09:36:19.600220+00:00""}"
669.300000000,LOCAL_REPLAN,"{""message"": ""Call local replanning..."", ""wall_time_utc"": ""2026-08-22T09:36:48.963678+00:00""}"
669.300000000,REPLAN_REQUESTED,"{""message"": ""Replanning request. curr_vertex_idx: 22"", ""wall_time_utc"": ""2026-08-22T09:36:48.965632+00:00""}"
669.300000000,GOAL_REACHED,"{""vertex"": 31, ""wall_time_utc"": ""2026-08-22T09:36:48.983448+00:00""}"
669.300000000,NO_FRONTIER,"{""message"": ""No frontier at vertex 31. #Frontier: 0"", ""wall_time_utc"": ""2026-08-22T09:36:48.983565+00:00""}"
675.500000000,LOCAL_REPLAN,"{""message"": ""Call local replanning..."", ""wall_time_utc"": ""2026-08-22T09:37:19.588309+00:00""}"
675.500000000,REPLAN_REQUESTED,"{""message"": ""Replanning request. curr_vertex_idx: 23"", ""wall_time_utc"": ""2026-08-22T09:37:19.590476+00:00""}"
681.500000000,LOCAL_REPLAN,"{""message"": ""Call local replanning..."", ""wall_time_utc"": ""2026-08-22T09:37:49.592085+00:00""}"
681.500000000,REPLAN_REQUESTED,"{""message"": ""Replanning request. curr_vertex_idx: 23"", ""wall_time_utc"": ""2026-08-22T09:37:49.594221+00:00""}"
681.500000000,GOAL_REACHED,"{""vertex"": 32, ""wall_time_utc"": ""2026-08-22T09:37:49.611810+00:00""}"
686.500000000,LOCAL_REPLAN,"{""message"": ""Call local replanning..."", ""wall_time_utc"": ""2026-08-22T09:38:14.601058+00:00""}"
686.500000000,REPLAN_REQUESTED,"{""message"": ""Replanning request. curr_vertex_idx: 23"", ""wall_time_utc"": ""2026-08-22T09:38:14.602882+00:00""}"
692.500000000,LOCAL_REPLAN,"{""message"": ""Call local replanning..."", ""wall_time_utc"": ""2026-08-22T09:38:44.616080+00:00""}"
692.500000000,REPLAN_REQUESTED,"{""message"": ""Replanning request. curr_vertex_idx: 23"", ""wall_time_utc"": ""2026-08-22T09:38:44.617749+00:00""}"
692.500000000,NO_FRONTIER,"{""message"": ""No frontier at vertex 32. #Frontier: 0"", ""wall_time_utc"": ""2026-08-22T09:38:44.635808+00:00""}"
698.500000000,LOCAL_REPLAN,"{""message"": ""Call local replanning..."", ""wall_time_utc"": ""2026-08-22T09:39:14.829261+00:00""}"
698.500000000,REPLAN_REQUESTED,"{""message"": ""Replanning request. curr_vertex_idx: 24"", ""wall_time_utc"": ""2026-08-22T09:39:14.831326+00:00""}"
704.500000000,LOCAL_REPLAN,"{""message"": ""Call local replanning..."", ""wall_time_utc"": ""2026-08-22T09:39:44.836296+00:00""}"
704.500000000,REPLAN_REQUESTED,"{""message"": ""Replanning request. curr_vertex_idx: 24"", ""wall_time_utc"": ""2026-08-22T09:39:44.838479+00:00""}"
710.500000000,LOCAL_REPLAN,"{""message"": ""Call local replanning..."", ""wall_time_utc"": ""2026-08-22T09:40:14.618553+00:00""}"
710.500000000,REPLAN_REQUESTED,"{""message"": ""Replanning request. curr_vertex_idx: 24"", ""wall_time_utc"": ""2026-08-22T09:40:14.620558+00:00""}"
710.500000000,GOAL_REACHED,"{""vertex"": 26, ""wall_time_utc"": ""2026-08-22T09:40:14.636580+00:00""}"
716.500000000,LOCAL_REPLAN,"{""message"": ""Call local replanning..."", ""wall_time_utc"": ""2026-08-22T09:40:44.610944+00:00""}"
716.500000000,REPLAN_REQUESTED,"{""message"": ""Replanning request. curr_vertex_idx: 24"", ""wall_time_utc"": ""2026-08-22T09:40:44.612658+00:00""}"
716.500000000,NO_FRONTIER,"{""message"": ""No frontier at vertex 26. #Frontier: 0"", ""wall_time_utc"": ""2026-08-22T09:40:44.629216+00:00""}"
722.500000000,LOCAL_REPLAN,"{""message"": ""Call local replanning..."", ""wall_time_utc"": ""2026-08-22T09:41:14.622265+00:00""}"
722.500000000,REPLAN_REQUESTED,"{""message"": ""Replanning request. curr_vertex_idx: 25"", ""wall_time_utc"": ""2026-08-22T09:41:14.624056+00:00""}"
728.500000000,LOCAL_REPLAN,"{""message"": ""Call local replanning..."", ""wall_time_utc"": ""2026-08-22T09:41:44.621716+00:00""}"
728.500000000,REPLAN_REQUESTED,"{""message"": ""Replanning request. curr_vertex_idx: 25"", ""wall_time_utc"": ""2026-08-22T09:41:44.623702+00:00""}"
734.500000000,LOCAL_REPLAN,"{""message"": ""Call local replanning..."", ""wall_time_utc"": ""2026-08-22T09:42:14.640078+00:00""}"
734.500000000,REPLAN_REQUESTED,"{""message"": ""Replanning request. curr_vertex_idx: 25"", ""wall_time_utc"": ""2026-08-22T09:42:14.642185+00:00""}"
734.500000000,GOAL_REACHED,"{""vertex"": 27, ""wall_time_utc"": ""2026-08-22T09:42:14.658048+00:00""}"
740.500000000,LOCAL_REPLAN,"{""message"": ""Call local replanning..."", ""wall_time_utc"": ""2026-08-22T09:42:44.900009+00:00""}"
740.500000000,REPLAN_REQUESTED,"{""message"": ""Replanning request. curr_vertex_idx: 25"", ""wall_time_utc"": ""2026-08-22T09:42:44.902113+00:00""}"
740.500000000,NO_FRONTIER,"{""message"": ""No frontier at vertex 27. #Frontier: 0"", ""wall_time_utc"": ""2026-08-22T09:42:44.920162+00:00""}"
746.500000000,LOCAL_REPLAN,"{""message"": ""Call local replanning..."", ""wall_time_utc"": ""2026-08-22T09:43:14.645492+00:00""}"
746.500000000,REPLAN_REQUESTED,"{""message"": ""Replanning request. curr_vertex_idx: 26"", ""wall_time_utc"": ""2026-08-22T09:43:14.647721+00:00""}"
752.500000000,LOCAL_REPLAN,"{""message"": ""Call local replanning..."", ""wall_time_utc"": ""2026-08-22T09:43:44.664690+00:00""}"
752.500000000,REPLAN_REQUESTED,"{""message"": ""Replanning request. curr_vertex_idx: 26"", ""wall_time_utc"": ""2026-08-22T09:43:44.666642+00:00""}"
758.500000000,LOCAL_REPLAN,"{""message"": ""Call local replanning..."", ""wall_time_utc"": ""2026-08-22T09:44:14.891121+00:00""}"
758.500000000,REPLAN_REQUESTED,"{""message"": ""Replanning request. curr_vertex_idx: 26"", ""wall_time_utc"": ""2026-08-22T09:44:14.893575+00:00""}"
758.500000000,GOAL_REACHED,"{""vertex"": 33, ""wall_time_utc"": ""2026-08-22T09:44:14.910640+00:00""}"
764.500000000,LOCAL_REPLAN,"{""message"": ""Call local replanning..."", ""wall_time_utc"": ""2026-08-22T09:44:44.657082+00:00""}"
764.500000000,REPLAN_REQUESTED,"{""message"": ""Replanning request. curr_vertex_idx: 26"", ""wall_time_utc"": ""2026-08-22T09:44:44.659412+00:00""}"
769.500000000,LOCAL_REPLAN,"{""message"": ""Call local replanning..."", ""wall_time_utc"": ""2026-08-22T09:45:09.897404+00:00""}"
769.500000000,REPLAN_REQUESTED,"{""message"": ""Replanning request. curr_vertex_idx: 26"", ""wall_time_utc"": ""2026-08-22T09:45:09.899323+00:00""}"
771.500000000,LOCAL_REPLAN,"{""message"": ""Call local replanning..."", ""wall_time_utc"": ""2026-08-22T09:45:19.981429+00:00""}"
771.500000000,REPLAN_REQUESTED,"{""message"": ""Replanning request. curr_vertex_idx: 26"", ""wall_time_utc"": ""2026-08-22T09:45:19.983391+00:00""}"
771.500000000,NO_FRONTIER,"{""message"": ""No frontier at vertex 33. #Frontier: 0"", ""wall_time_utc"": ""2026-08-22T09:45:20.000419+00:00""}"
777.500000000,LOCAL_REPLAN,"{""message"": ""Call local replanning..."", ""wall_time_utc"": ""2026-08-22T09:45:49.893426+00:00""}"
777.500000000,REPLAN_REQUESTED,"{""message"": ""Replanning request. curr_vertex_idx: 27"", ""wall_time_utc"": ""2026-08-22T09:45:49.895692+00:00""}"
777.500000000,GOAL_REACHED,"{""vertex"": 34, ""wall_time_utc"": ""2026-08-22T09:45:49.913350+00:00""}"
777.500000000,NO_FRONTIER,"{""message"": ""No frontier at vertex 34. #Frontier: 0"", ""wall_time_utc"": ""2026-08-22T09:45:49.913417+00:00""}"
783.500000000,LOCAL_REPLAN,"{""message"": ""Call local replanning..."", ""wall_time_utc"": ""2026-08-22T09:46:19.659601+00:00""}"
783.500000000,REPLAN_REQUESTED,"{""message"": ""Replanning request. curr_vertex_idx: 28"", ""wall_time_utc"": ""2026-08-22T09:46:19.661393+00:00""}"
789.500000000,LOCAL_REPLAN,"{""message"": ""Call local replanning..."", ""wall_time_utc"": ""2026-08-22T09:46:49.907596+00:00""}"
789.500000000,REPLAN_REQUESTED,"{""message"": ""Replanning request. curr_vertex_idx: 28"", ""wall_time_utc"": ""2026-08-22T09:46:49.909870+00:00""}"
795.500000000,LOCAL_REPLAN,"{""message"": ""Call local replanning..."", ""wall_time_utc"": ""2026-08-22T09:47:19.920889+00:00""}"
795.500000000,REPLAN_REQUESTED,"{""message"": ""Replanning request. curr_vertex_idx: 28"", ""wall_time_utc"": ""2026-08-22T09:47:19.922975+00:00""}"
800.300000000,LOCAL_REPLAN,"{""message"": ""Call local replanning..."", ""wall_time_utc"": ""2026-08-22T09:47:43.780620+00:00""}"
800.300000000,REPLAN_REQUESTED,"{""message"": ""Replanning request. curr_vertex_idx: 28"", ""wall_time_utc"": ""2026-08-22T09:47:43.782330+00:00""}"
800.300000000,GOAL_REACHED,"{""vertex"": 28, ""wall_time_utc"": ""2026-08-22T09:47:43.798309+00:00""}"
800.300000000,NO_FRONTIER,"{""message"": ""No frontier at vertex 28. #Frontier: 0"", ""wall_time_utc"": ""2026-08-22T09:47:43.798367+00:00""}"
806.500000000,LOCAL_REPLAN,"{""message"": ""Call local replanning..."", ""wall_time_utc"": ""2026-08-22T09:48:14.922538+00:00""}"
806.500000000,REPLAN_REQUESTED,"{""message"": ""Replanning request. curr_vertex_idx: 29"", ""wall_time_utc"": ""2026-08-22T09:48:14.924726+00:00""}"
812.500000000,LOCAL_REPLAN,"{""message"": ""Call local replanning..."", ""wall_time_utc"": ""2026-08-22T09:48:44.657986+00:00""}"
812.500000000,REPLAN_REQUESTED,"{""message"": ""Replanning request. curr_vertex_idx: 29"", ""wall_time_utc"": ""2026-08-22T09:48:44.660282+00:00""}"
818.500000000,LOCAL_REPLAN,"{""message"": ""Call local replanning..."", ""wall_time_utc"": ""2026-08-22T09:49:14.912574+00:00""}"
818.500000000,REPLAN_REQUESTED,"{""message"": ""Replanning request. curr_vertex_idx: 29"", ""wall_time_utc"": ""2026-08-22T09:49:14.914648+00:00""}"
824.500000000,LOCAL_REPLAN,"{""message"": ""Call local replanning..."", ""wall_time_utc"": ""2026-08-22T09:49:44.683447+00:00""}"
824.500000000,REPLAN_REQUESTED,"{""message"": ""Replanning request. curr_vertex_idx: 29"", ""wall_time_utc"": ""2026-08-22T09:49:44.685701+00:00""}"
824.500000000,GOAL_REACHED,"{""vertex"": 22, ""wall_time_utc"": ""2026-08-22T09:49:44.699719+00:00""}"
830.500000000,LOCAL_REPLAN,"{""message"": ""Call local replanning..."", ""wall_time_utc"": ""2026-08-22T09:50:14.681508+00:00""}"
830.500000000,REPLAN_REQUESTED,"{""message"": ""Replanning request. curr_vertex_idx: 29"", ""wall_time_utc"": ""2026-08-22T09:50:14.683512+00:00""}"
830.500000000,NO_FRONTIER,"{""message"": ""No frontier at vertex 22. #Frontier: 0"", ""wall_time_utc"": ""2026-08-22T09:50:14.697529+00:00""}"
836.500000000,LOCAL_REPLAN,"{""message"": ""Call local replanning..."", ""wall_time_utc"": ""2026-08-22T09:50:44.944703+00:00""}"
836.500000000,REPLAN_REQUESTED,"{""message"": ""Replanning request. curr_vertex_idx: 30"", ""wall_time_utc"": ""2026-08-22T09:50:44.946985+00:00""}"
842.500000000,LOCAL_REPLAN,"{""message"": ""Call local replanning..."", ""wall_time_utc"": ""2026-08-22T09:51:14.690088+00:00""}"
842.500000000,REPLAN_REQUESTED,"{""message"": ""Replanning request. curr_vertex_idx: 30"", ""wall_time_utc"": ""2026-08-22T09:51:14.691945+00:00""}"
848.500000000,LOCAL_REPLAN,"{""message"": ""Call local replanning..."", ""wall_time_utc"": ""2026-08-22T09:51:44.919123+00:00""}"
848.500000000,REPLAN_REQUESTED,"{""message"": ""Replanning request. curr_vertex_idx: 30"", ""wall_time_utc"": ""2026-08-22T09:51:44.921178+00:00""}"
848.500000000,GOAL_REACHED,"{""vertex"": 21, ""wall_time_utc"": ""2026-08-22T09:51:44.935082+00:00""}"
848.500000000,NO_FRONTIER,"{""message"": ""No frontier at vertex 21. #Frontier: 0"", ""wall_time_utc"": ""2026-08-22T09:51:44.935118+00:00""}"
848.500000000,REPEATED_VISIT_SKIP,"{""message"": ""Skip repeated visit to vertex 38"", ""wall_time_utc"": ""2026-08-22T09:51:44.935169+00:00""}"
854.500000000,LOOP_PLANNED,"{""loop_id"": 2, ""vertex"": 37, ""wall_time_utc"": ""2026-08-22T09:52:14.681480+00:00""}"
854.500000000,LOOP_PATH_OBSERVED,"{""loop_id"": 2, ""path"": [[30.9920063, 36.4054298], [31.6828537, 37.1001053], [32.3785095, 37.7996674], [33.0360794, 38.4726639], [33.6648369, 39.214962]], ""source"": ""reliable_loop_service"", ""vertex"": 37, ""wall_time_utc"": ""2026-08-22T09:52:14.682817+00:00""}"
860.500000000,LOOP_STARTED,"{""loop_id"": 2, ""vertex"": 37, ""wall_time_utc"": ""2026-08-22T09:52:44.931480+00:00""}"
966.500000000,LOOP_WAYPOINT_REACHED,"{""loop_id"": 2, ""wall_time_utc"": ""2026-08-22T10:01:34.687866+00:00"", ""waypoint"": 0}"
970.300000000,LOOP_WAYPOINT_REACHED,"{""loop_id"": 2, ""wall_time_utc"": ""2026-08-22T10:01:53.831358+00:00"", ""waypoint"": 1}"
972.500000000,LOOP_WAYPOINT_REACHED,"{""loop_id"": 2, ""wall_time_utc"": ""2026-08-22T10:02:04.937742+00:00"", ""waypoint"": 2}"
974.500000000,LOOP_WAYPOINT_REACHED,"{""loop_id"": 2, ""wall_time_utc"": ""2026-08-22T10:02:14.937398+00:00"", ""waypoint"": 3}"
976.500000000,LOOP_WAYPOINT_REACHED,"{""loop_id"": 2, ""wall_time_utc"": ""2026-08-22T10:02:24.944190+00:00"", ""waypoint"": 4}"
976.500000000,LOOP_FINISHED,"{""executed_loop"": true, ""loop_id"": 2, ""vertex"": 37, ""wall_time_utc"": ""2026-08-22T10:02:24.944261+00:00""}"
976.500000000,REPLAN_REQUESTED,"{""message"": ""Replanning request. curr_vertex_idx: 32"", ""wall_time_utc"": ""2026-08-22T10:02:24.946460+00:00""}"
976.500000000,REPEATED_VISIT_SKIP,"{""message"": ""Skip repeated visit to vertex 38"", ""wall_time_utc"": ""2026-08-22T10:02:24.949179+00:00""}"
976.500000000,REPEATED_VISIT_SKIP,"{""message"": ""Skip repeated visit to vertex 36"", ""wall_time_utc"": ""2026-08-22T10:02:24.949255+00:00""}"
982.500000000,LOCAL_REPLAN,"{""message"": ""Call local replanning..."", ""wall_time_utc"": ""2026-08-22T10:02:54.684929+00:00""}"
982.500000000,REPLAN_REQUESTED,"{""message"": ""Replanning request. curr_vertex_idx: 35"", ""wall_time_utc"": ""2026-08-22T10:02:54.686625+00:00""}"
988.500000000,LOCAL_REPLAN,"{""message"": ""Call local replanning..."", ""wall_time_utc"": ""2026-08-22T10:03:24.693386+00:00""}"
988.500000000,REPLAN_REQUESTED,"{""message"": ""Replanning request. curr_vertex_idx: 35"", ""wall_time_utc"": ""2026-08-22T10:03:24.695364+00:00""}"
994.900000000,LOCAL_REPLAN,"{""message"": ""Call local replanning..."", ""wall_time_utc"": ""2026-08-22T10:03:45.891973+00:00""}"
994.900000000,REPLAN_REQUESTED,"{""message"": ""Replanning request. curr_vertex_idx: 35"", ""wall_time_utc"": ""2026-08-22T10:03:45.894180+00:00""}"
1001.200000000,LOCAL_REPLAN,"{""message"": ""Call local replanning..."", ""wall_time_utc"": ""2026-08-22T10:03:52.271488+00:00""}"
1001.200000000,REPLAN_REQUESTED,"{""message"": ""Replanning request. curr_vertex_idx: 35"", ""wall_time_utc"": ""2026-08-22T10:03:52.273387+00:00""}"
1007.100000000,LOCAL_REPLAN,"{""message"": ""Call local replanning..."", ""wall_time_utc"": ""2026-08-22T10:03:58.126308+00:00""}"
1007.100000000,REPLAN_REQUESTED,"{""message"": ""Replanning request. curr_vertex_idx: 35"", ""wall_time_utc"": ""2026-08-22T10:03:58.128425+00:00""}"
1012.500000000,LOCAL_REPLAN,"{""message"": ""Call local replanning..."", ""wall_time_utc"": ""2026-08-22T10:04:09.846103+00:00""}"
1012.500000000,REPLAN_REQUESTED,"{""message"": ""Replanning request. curr_vertex_idx: 35"", ""wall_time_utc"": ""2026-08-22T10:04:09.848222+00:00""}"
1018.500000000,LOCAL_REPLAN,"{""message"": ""Call local replanning..."", ""wall_time_utc"": ""2026-08-22T10:04:39.688398+00:00""}"
1018.500000000,REPLAN_REQUESTED,"{""message"": ""Replanning request. curr_vertex_idx: 35"", ""wall_time_utc"": ""2026-08-22T10:04:39.690281+00:00""}"
1024.500000000,LOCAL_REPLAN,"{""message"": ""Call local replanning..."", ""wall_time_utc"": ""2026-08-22T10:05:09.683439+00:00""}"
1024.500000000,REPLAN_REQUESTED,"{""message"": ""Replanning request. curr_vertex_idx: 35"", ""wall_time_utc"": ""2026-08-22T10:05:09.685446+00:00""}"
1030.500000000,LOCAL_REPLAN,"{""message"": ""Call local replanning..."", ""wall_time_utc"": ""2026-08-22T10:05:39.702386+00:00""}"
1030.500000000,REPLAN_REQUESTED,"{""message"": ""Replanning request. curr_vertex_idx: 35"", ""wall_time_utc"": ""2026-08-22T10:05:39.704379+00:00""}"
1036.500000000,LOCAL_REPLAN,"{""message"": ""Call local replanning..."", ""wall_time_utc"": ""2026-08-22T10:06:09.947946+00:00""}"
1036.500000000,REPLAN_REQUESTED,"{""message"": ""Replanning request. curr_vertex_idx: 35"", ""wall_time_utc"": ""2026-08-22T10:06:09.949882+00:00""}"
1042.500000000,LOCAL_REPLAN,"{""message"": ""Call local replanning..."", ""wall_time_utc"": ""2026-08-22T10:06:39.692792+00:00""}"
1042.500000000,REPLAN_REQUESTED,"{""message"": ""Replanning request. curr_vertex_idx: 35"", ""wall_time_utc"": ""2026-08-22T10:06:39.694563+00:00""}"
1048.500000000,LOCAL_REPLAN,"{""message"": ""Call local replanning..."", ""wall_time_utc"": ""2026-08-22T10:07:09.963208+00:00""}"
1048.500000000,REPLAN_REQUESTED,"{""message"": ""Replanning request. curr_vertex_idx: 35"", ""wall_time_utc"": ""2026-08-22T10:07:09.965371+00:00""}"
1054.500000000,LOCAL_REPLAN,"{""message"": ""Call local replanning..."", ""wall_time_utc"": ""2026-08-22T10:07:39.686981+00:00""}"
1054.500000000,REPLAN_REQUESTED,"{""message"": ""Replanning request. curr_vertex_idx: 35"", ""wall_time_utc"": ""2026-08-22T10:07:39.688804+00:00""}"
1060.500000000,LOCAL_REPLAN,"{""message"": ""Call local replanning..."", ""wall_time_utc"": ""2026-08-22T10:08:09.943845+00:00""}"
1060.500000000,REPLAN_REQUESTED,"{""message"": ""Replanning request. curr_vertex_idx: 35"", ""wall_time_utc"": ""2026-08-22T10:08:09.945919+00:00""}"
1060.500000000,GOAL_SKIP,"{""message"": ""Skip currGoal 12 that has no frontier and seen by robot"", ""wall_time_utc"": ""2026-08-22T10:08:09.960494+00:00""}"
1066.500000000,LOCAL_REPLAN,"{""message"": ""Call local replanning..."", ""wall_time_utc"": ""2026-08-22T10:08:39.928786+00:00""}"
1066.500000000,REPLAN_REQUESTED,"{""message"": ""Replanning request. curr_vertex_idx: 36"", ""wall_time_utc"": ""2026-08-22T10:08:39.930941+00:00""}"
1072.500000000,LOCAL_REPLAN,"{""message"": ""Call local replanning..."", ""wall_time_utc"": ""2026-08-22T10:09:09.708729+00:00""}"
1072.500000000,REPLAN_REQUESTED,"{""message"": ""Replanning request. curr_vertex_idx: 36"", ""wall_time_utc"": ""2026-08-22T10:09:09.710814+00:00""}"
1078.500000000,LOCAL_REPLAN,"{""message"": ""Call local replanning..."", ""wall_time_utc"": ""2026-08-22T10:09:39.681107+00:00""}"
1078.500000000,REPLAN_REQUESTED,"{""message"": ""Replanning request. curr_vertex_idx: 36"", ""wall_time_utc"": ""2026-08-22T10:09:39.682909+00:00""}"
1084.500000000,LOCAL_REPLAN,"{""message"": ""Call local replanning..."", ""wall_time_utc"": ""2026-08-22T10:10:09.684949+00:00""}"
1084.500000000,REPLAN_REQUESTED,"{""message"": ""Replanning request. curr_vertex_idx: 36"", ""wall_time_utc"": ""2026-08-22T10:10:09.686685+00:00""}"
1090.500000000,LOCAL_REPLAN,"{""message"": ""Call local replanning..."", ""wall_time_utc"": ""2026-08-22T10:10:39.695817+00:00""}"
1090.500000000,REPLAN_REQUESTED,"{""message"": ""Replanning request. curr_vertex_idx: 36"", ""wall_time_utc"": ""2026-08-22T10:10:39.697623+00:00""}"
1096.500000000,LOCAL_REPLAN,"{""message"": ""Call local replanning..."", ""wall_time_utc"": ""2026-08-22T10:11:09.684182+00:00""}"
1096.500000000,REPLAN_REQUESTED,"{""message"": ""Replanning request. curr_vertex_idx: 36"", ""wall_time_utc"": ""2026-08-22T10:11:09.686228+00:00""}"
1102.500000000,LOCAL_REPLAN,"{""message"": ""Call local replanning..."", ""wall_time_utc"": ""2026-08-22T10:11:39.945213+00:00""}"
1102.500000000,REPLAN_REQUESTED,"{""message"": ""Replanning request. curr_vertex_idx: 36"", ""wall_time_utc"": ""2026-08-22T10:11:39.947266+00:00""}"
1108.500000000,LOCAL_REPLAN,"{""message"": ""Call local replanning..."", ""wall_time_utc"": ""2026-08-22T10:12:09.683287+00:00""}"
1108.500000000,REPLAN_REQUESTED,"{""message"": ""Replanning request. curr_vertex_idx: 36"", ""wall_time_utc"": ""2026-08-22T10:12:09.684998+00:00""}"
1114.500000000,LOCAL_REPLAN,"{""message"": ""Call local replanning..."", ""wall_time_utc"": ""2026-08-22T10:12:39.954670+00:00""}"
1114.500000000,REPLAN_REQUESTED,"{""message"": ""Replanning request. curr_vertex_idx: 36"", ""wall_time_utc"": ""2026-08-22T10:12:39.956768+00:00""}"
1114.500000000,GOAL_SKIP,"{""message"": ""Skip currGoal 13 that has no frontier and seen by robot"", ""wall_time_utc"": ""2026-08-22T10:12:39.971208+00:00""}"
1120.500000000,LOCAL_REPLAN,"{""message"": ""Call local replanning..."", ""wall_time_utc"": ""2026-08-22T10:13:09.686189+00:00""}"
1120.500000000,REPLAN_REQUESTED,"{""message"": ""Replanning request. curr_vertex_idx: 37"", ""wall_time_utc"": ""2026-08-22T10:13:09.688155+00:00""}"
1126.500000000,LOCAL_REPLAN,"{""message"": ""Call local replanning..."", ""wall_time_utc"": ""2026-08-22T10:13:39.689061+00:00""}"
1126.500000000,REPLAN_REQUESTED,"{""message"": ""Replanning request. curr_vertex_idx: 37"", ""wall_time_utc"": ""2026-08-22T10:13:39.690833+00:00""}"
1132.500000000,LOCAL_REPLAN,"{""message"": ""Call local replanning..."", ""wall_time_utc"": ""2026-08-22T10:14:09.683783+00:00""}"
1132.500000000,REPLAN_REQUESTED,"{""message"": ""Replanning request. curr_vertex_idx: 37"", ""wall_time_utc"": ""2026-08-22T10:14:09.685482+00:00""}"
1132.500000000,GOAL_REACHED,"{""vertex"": 14, ""wall_time_utc"": ""2026-08-22T10:14:09.688866+00:00""}"
1132.500000000,NO_FRONTIER,"{""message"": ""No frontier at vertex 14. #Frontier: 0"", ""wall_time_utc"": ""2026-08-22T10:14:09.688947+00:00""}"
1138.500000000,LOOP_PLANNED,"{""loop_id"": 3, ""vertex"": 8, ""wall_time_utc"": ""2026-08-22T10:14:39.947240+00:00""}"
1138.500000000,LOOP_PATH_OBSERVED,"{""loop_id"": 3, ""path"": [[0.200000003, 0.0], [0.982718408, -0.128843531], [0.863249779, -0.202711642], [0.746045768, -0.187337115], [0.65799427, -0.108469613], [0.629854143, -0.00365983881], [0.670061171, 0.120623522]], ""source"": ""reliable_loop_service"", ""vertex"": 8, ""wall_time_utc"": ""2026-08-22T10:14:39.948382+00:00""}"
1144.500000000,LOOP_STARTED,"{""loop_id"": 3, ""vertex"": 8, ""wall_time_utc"": ""2026-08-22T10:15:09.695884+00:00""}"
1157.500000000,LOOP_WAYPOINT_REACHED,"{""loop_id"": 3, ""wall_time_utc"": ""2026-08-22T10:16:14.691047+00:00"", ""waypoint"": 0}"
1163.500000000,LOOP_WAYPOINT_REACHED,"{""loop_id"": 3, ""wall_time_utc"": ""2026-08-22T10:16:44.683064+00:00"", ""waypoint"": 1}"
1167.500000000,LOOP_WAYPOINT_REACHED,"{""loop_id"": 3, ""wall_time_utc"": ""2026-08-22T10:17:04.821830+00:00"", ""waypoint"": 2}"
1169.500000000,LOOP_WAYPOINT_REACHED,"{""loop_id"": 3, ""wall_time_utc"": ""2026-08-22T10:17:14.684326+00:00"", ""waypoint"": 3}"
1171.500000000,LOOP_WAYPOINT_REACHED,"{""loop_id"": 3, ""wall_time_utc"": ""2026-08-22T10:17:24.682367+00:00"", ""waypoint"": 4}"
1173.500000000,LOOP_WAYPOINT_REACHED,"{""loop_id"": 3, ""wall_time_utc"": ""2026-08-22T10:17:34.930891+00:00"", ""waypoint"": 5}"
1175.500000000,LOOP_WAYPOINT_REACHED,"{""loop_id"": 3, ""wall_time_utc"": ""2026-08-22T10:17:44.930188+00:00"", ""waypoint"": 6}"
1175.500000000,LOOP_FINISHED,"{""executed_loop"": true, ""loop_id"": 3, ""vertex"": 8, ""wall_time_utc"": ""2026-08-22T10:17:44.930263+00:00""}"
1175.500000000,REPLAN_REQUESTED,"{""message"": ""Replanning request. curr_vertex_idx: 38"", ""wall_time_utc"": ""2026-08-22T10:17:44.932541+00:00""}"
1175.500000000,REPEATED_VISIT_SKIP,"{""message"": ""Skip repeated visit to vertex 14"", ""wall_time_utc"": ""2026-08-22T10:17:44.934976+00:00""}"
1176.700000000,KARTO_LOOP_CONSTRAINT,"{""message"": ""Add one Loop closure. 1 loops have been added."", ""wall_time_utc"": ""2026-08-22T10:17:50.232021+00:00""}"
1181.500000000,LOCAL_REPLAN,"{""message"": ""Call local replanning..."", ""wall_time_utc"": ""2026-08-22T10:18:14.942100+00:00""}"
1181.500000000,REPLAN_REQUESTED,"{""message"": ""Replanning request. curr_vertex_idx: 40"", ""wall_time_utc"": ""2026-08-22T10:18:14.943818+00:00""}"
1187.500000000,LOCAL_REPLAN,"{""message"": ""Call local replanning..."", ""wall_time_utc"": ""2026-08-22T10:18:44.685159+00:00""}"
1187.500000000,REPLAN_REQUESTED,"{""message"": ""Replanning request. curr_vertex_idx: 40"", ""wall_time_utc"": ""2026-08-22T10:18:44.686931+00:00""}"
1193.500000000,LOCAL_REPLAN,"{""message"": ""Call local replanning..."", ""wall_time_utc"": ""2026-08-22T10:19:14.947438+00:00""}"
1193.500000000,REPLAN_REQUESTED,"{""message"": ""Replanning request. curr_vertex_idx: 40"", ""wall_time_utc"": ""2026-08-22T10:19:14.949509+00:00""}"
1199.500000000,LOCAL_REPLAN,"{""message"": ""Call local replanning..."", ""wall_time_utc"": ""2026-08-22T10:19:44.689290+00:00""}"
1199.500000000,REPLAN_REQUESTED,"{""message"": ""Replanning request. curr_vertex_idx: 40"", ""wall_time_utc"": ""2026-08-22T10:19:44.691134+00:00""}"
1205.500000000,LOCAL_REPLAN,"{""message"": ""Call local replanning..."", ""wall_time_utc"": ""2026-08-22T10:20:14.930347+00:00""}"
1205.500000000,REPLAN_REQUESTED,"{""message"": ""Replanning request. curr_vertex_idx: 40"", ""wall_time_utc"": ""2026-08-22T10:20:14.932527+00:00""}"
1211.500000000,LOCAL_REPLAN,"{""message"": ""Call local replanning..."", ""wall_time_utc"": ""2026-08-22T10:20:44.684161+00:00""}"
1211.500000000,REPLAN_REQUESTED,"{""message"": ""Replanning request. curr_vertex_idx: 40"", ""wall_time_utc"": ""2026-08-22T10:20:44.686239+00:00""}"
1217.500000000,LOCAL_REPLAN,"{""message"": ""Call local replanning..."", ""wall_time_utc"": ""2026-08-22T10:21:14.689330+00:00""}"
1217.500000000,REPLAN_REQUESTED,"{""message"": ""Replanning request. curr_vertex_idx: 40"", ""wall_time_utc"": ""2026-08-22T10:21:14.691185+00:00""}"
1223.500000000,LOCAL_REPLAN,"{""message"": ""Call local replanning..."", ""wall_time_utc"": ""2026-08-22T10:21:44.951690+00:00""}"
1223.500000000,REPLAN_REQUESTED,"{""message"": ""Replanning request. curr_vertex_idx: 40"", ""wall_time_utc"": ""2026-08-22T10:21:44.953728+00:00""}"
1229.500000000,LOCAL_REPLAN,"{""message"": ""Call local replanning..."", ""wall_time_utc"": ""2026-08-22T10:22:14.696115+00:00""}"
1229.500000000,REPLAN_REQUESTED,"{""message"": ""Replanning request. curr_vertex_idx: 40"", ""wall_time_utc"": ""2026-08-22T10:22:14.698210+00:00""}"
1229.500000000,GOAL_REACHED,"{""vertex"": 18, ""wall_time_utc"": ""2026-08-22T10:22:14.711114+00:00""}"
1235.500000000,LOCAL_REPLAN,"{""message"": ""Call local replanning..."", ""wall_time_utc"": ""2026-08-22T10:22:44.937505+00:00""}"
1235.500000000,REPLAN_REQUESTED,"{""message"": ""Replanning request. curr_vertex_idx: 40"", ""wall_time_utc"": ""2026-08-22T10:22:44.939580+00:00""}"
1235.500000000,NO_FRONTIER,"{""message"": ""No frontier at vertex 18. #Frontier: 0"", ""wall_time_utc"": ""2026-08-22T10:22:44.953147+00:00""}"
1235.500000000,REPEATED_VISIT_SKIP,"{""message"": ""Skip repeated visit to vertex 17"", ""wall_time_utc"": ""2026-08-22T10:22:44.953199+00:00""}"
1241.500000000,LOOP_PLANNED,"{""loop_id"": 4, ""vertex"": 21, ""wall_time_utc"": ""2026-08-22T10:23:14.320625+00:00""}"
1241.500000000,LOOP_PATH_OBSERVED,"{""loop_id"": 4, ""path"": [[32.49403, 7.28810167], [31.7881851, 8.03819752], [31.4772034, 8.97475624], [31.5612221, 9.93599224], [31.6004028, 10.9090338], [31.6396675, 11.8848476], [31.6486683, 12.8485556]], ""source"": ""reliable_loop_service"", ""vertex"": 21, ""wall_time_utc"": ""2026-08-22T10:23:14.322033+00:00""}"
1247.500000000,LOOP_STARTED,"{""loop_id"": 4, ""vertex"": 21, ""wall_time_utc"": ""2026-08-22T10:23:44.713287+00:00""}"
1296.700000000,LOOP_WAYPOINT_REACHED,"{""loop_id"": 4, ""wall_time_utc"": ""2026-08-22T10:27:50.228494+00:00"", ""waypoint"": 0}"
1300.500000000,LOOP_WAYPOINT_REACHED,"{""loop_id"": 4, ""wall_time_utc"": ""2026-08-22T10:28:09.691425+00:00"", ""waypoint"": 1}"
1302.500000000,LOOP_WAYPOINT_REACHED,"{""loop_id"": 4, ""wall_time_utc"": ""2026-08-22T10:28:19.938344+00:00"", ""waypoint"": 2}"
1304.500000000,LOOP_WAYPOINT_REACHED,"{""loop_id"": 4, ""wall_time_utc"": ""2026-08-22T10:28:30.091253+00:00"", ""waypoint"": 3}"
1306.300000000,LOOP_WAYPOINT_REACHED,"{""loop_id"": 4, ""wall_time_utc"": ""2026-08-22T10:28:39.033565+00:00"", ""waypoint"": 4}"
1310.500000000,LOOP_WAYPOINT_REACHED,"{""loop_id"": 4, ""wall_time_utc"": ""2026-08-22T10:28:59.690971+00:00"", ""waypoint"": 5}"
1312.500000000,LOOP_WAYPOINT_REACHED,"{""loop_id"": 4, ""wall_time_utc"": ""2026-08-22T10:29:09.945728+00:00"", ""waypoint"": 6}"
1312.500000000,LOOP_FINISHED,"{""executed_loop"": true, ""loop_id"": 4, ""vertex"": 21, ""wall_time_utc"": ""2026-08-22T10:29:09.945801+00:00""}"
1312.500000000,REPLAN_REQUESTED,"{""message"": ""Replanning request. curr_vertex_idx: 42"", ""wall_time_utc"": ""2026-08-22T10:29:09.948032+00:00""}"
1312.500000000,EXPLORATION_RESULT,"{""status"": 3, ""text"": """", ""wall_time_utc"": ""2026-08-22T10:29:09.950923+00:00""}"
