map,seed,condition,method,selection_order,loop_id,loop_vertex,baseline_anchor_scan,h_star_ids,h_star_size,oracle_mode_used_by_h_star,local_roi_center_x,local_roi_center_y,local_roi_radius_m
map3,21001,A,Original,1,1,15,165,"[165, 166, 167, 168, 169, 170, 171]",7,False,21.833333333333336,58.0625,5.0
map3,21001,A,Original,2,2,11,193,"[193, 194, 195, 196, 197, 198, 199]",7,False,10.527777777777779,33.65277777777778,5.0
map3,21001,A,Original,3,3,8,0,"[0, 1, 2, 3, 4, 5, 6]",7,False,-2.833333333333332,-2.319444444444443,5.0
map3,21001,A,Original,4,4,26,407,"[407, 408, 409, 410, 411, 412, 413]",7,False,46.5,21.319444444444443,5.0
map3,21001,B,Always-Trace,1,1,15,158,"[158, 159, 160, 161, 162, 163, 164]",7,False,21.833333333333336,58.0625,5.0
map3,21001,B,Always-Trace,2,2,11,186,"[186, 187, 188, 189, 190, 191, 192]",7,False,10.527777777777779,33.65277777777778,5.0
map3,21001,B,Always-Trace,3,3,8,0,"[0, 1, 2, 3, 4, 5, 6]",7,False,-2.833333333333332,-2.319444444444443,5.0
map3,21001,B,Always-Trace,4,4,26,472,"[472, 473, 474, 475, 476, 477, 478]",7,False,46.5,21.319444444444443,5.0
map3,21001,C,Selective,1,1,15,147,"[147, 148, 149, 150, 151, 152, 153]",7,False,21.833333333333336,58.0625,5.0
map3,21001,C,Selective,2,2,11,174,"[174, 175, 176, 177, 178, 179, 180]",7,False,10.527777777777779,33.65277777777778,5.0
map3,21001,C,Selective,3,3,8,0,"[0, 1, 2, 3, 4, 5, 6]",7,False,-2.833333333333332,-2.319444444444443,5.0
map3,21001,C,Selective,4,4,26,378,"[378, 379, 380, 381, 382, 383, 384]",7,False,46.5,21.319444444444443,5.0
map3,21002,A,Original,1,1,8,0,"[0, 1, 2, 3, 4, 5, 6]",7,False,-2.833333333333332,-2.319444444444443,5.0
map3,21002,A,Original,2,2,38,228,"[228, 229, 230, 231, 232, 233, 234]",7,False,34.166666666666664,21.319444444444443,5.0
map3,21002,A,Original,3,3,16,167,"[167, 168, 169, 170, 171, 172, 173]",7,False,21.833333333333336,45.986111111111114,5.0
map3,21002,B,Always-Trace,1,1,8,0,"[0, 1, 2, 3, 4, 5, 6]",7,False,-2.833333333333332,-2.319444444444443,5.0
map3,21002,B,Always-Trace,2,2,38,219,"[219, 220, 221, 222, 223, 224, 225]",7,False,34.166666666666664,21.319444444444443,5.0
map3,21002,B,Always-Trace,3,3,16,175,"[175, 176, 177, 178, 179, 180, 181]",7,False,21.833333333333336,45.986111111111114,5.0
map3,21002,C,Selective,1,1,8,0,"[0, 1, 2, 3, 4, 5, 6]",7,False,-2.833333333333332,-2.319444444444443,5.0
map3,21002,C,Selective,2,2,38,221,"[221, 222, 223, 224, 225, 226, 227]",7,False,34.166666666666664,21.319444444444443,5.0
map3,21002,C,Selective,3,3,16,159,"[159, 160, 161, 162, 163, 164, 165]",7,False,21.833333333333336,45.986111111111114,5.0
map3,21003,A,Original,1,1,15,170,"[170, 171, 172, 173, 174, 175, 176]",7,False,21.833333333333336,58.0625,5.0
map3,21003,A,Original,2,2,37,230,"[230, 231, 232, 233, 234, 235, 236]",7,False,34.166666666666664,33.65277777777778,5.0
map3,21003,A,Original,3,3,8,0,"[0, 1, 2, 3, 4, 5, 6]",7,False,-2.833333333333332,-2.319444444444443,5.0
map3,21003,A,Original,4,4,21,497,"[497, 498, 499, 500, 501, 502, 503]",7,False,34.166666666666664,8.98611111111111,5.0
map3,21003,B,Always-Trace,1,1,15,154,"[154, 155, 156, 157, 158, 159, 160]",7,False,21.833333333333336,58.0625,5.0
map3,21003,B,Always-Trace,2,2,37,211,"[211, 212, 213, 214, 215, 216, 217]",7,False,34.166666666666664,33.65277777777778,5.0
map3,21003,B,Always-Trace,3,3,8,0,"[0, 1, 2, 3, 4, 5, 6]",7,False,-2.833333333333332,-2.319444444444443,5.0
map3,21003,B,Always-Trace,4,4,21,530,"[530, 531, 532, 533, 534, 535, 536]",7,False,34.166666666666664,8.98611111111111,5.0
map3,21003,C,Selective,1,1,15,157,"[157, 158, 159, 160, 161, 162, 163]",7,False,21.833333333333336,58.0625,5.0
map3,21003,C,Selective,2,2,37,219,"[219, 220, 221, 222, 223, 224, 225]",7,False,34.166666666666664,33.65277777777778,5.0
map3,21003,C,Selective,3,3,8,0,"[0, 1, 2, 3, 4, 5, 6]",7,False,-2.833333333333332,-2.319444444444443,5.0
map3,21003,C,Selective,4,4,21,505,"[505, 506, 507, 508, 509, 510, 511]",7,False,34.166666666666664,8.98611111111111,5.0
map3,21004,A,Original,1,1,15,163,"[163, 164, 165, 166, 167, 168, 169]",7,False,21.833333333333336,58.0625,5.0
map3,21004,A,Original,2,2,26,439,"[439, 440, 441, 442, 443, 444, 445]",7,False,46.5,21.319444444444443,5.0
map3,21004,A,Original,3,3,35,208,"[208, 209, 210, 211, 212, 213, 214]",7,False,21.833333333333336,33.65277777777778,5.0
map3,21004,A,Original,4,4,22,519,"[519, 520, 521, 522, 523, 524, 525]",7,False,34.166666666666664,-2.319444444444443,5.0
map3,21004,A,Original,5,5,8,0,"[0, 1, 2, 3, 4, 5, 6]",7,False,-2.833333333333332,-2.319444444444443,5.0
map3,21004,B,Always-Trace,1,1,15,171,"[171, 172, 173, 174, 175, 176, 177]",7,False,21.833333333333336,58.0625,5.0
map3,21004,B,Always-Trace,2,2,26,471,"[471, 472, 473, 474, 475, 476, 477]",7,False,46.5,21.319444444444443,5.0
map3,21004,B,Always-Trace,3,3,35,224,"[224, 225, 226, 227, 228, 229, 230]",7,False,21.833333333333336,33.65277777777778,5.0
map3,21004,B,Always-Trace,4,4,22,554,"[554, 555, 556, 557, 558, 559, 560]",7,False,34.166666666666664,-2.319444444444443,5.0
map3,21004,B,Always-Trace,5,5,8,0,"[0, 1, 2, 3, 4, 5, 6]",7,False,-2.833333333333332,-2.319444444444443,5.0
map3,21004,C,Selective,1,1,15,141,"[141, 142, 143, 144, 145, 146, 147]",7,False,21.833333333333336,58.0625,5.0
map3,21004,C,Selective,2,2,26,345,"[345, 346, 347, 348, 349, 350, 351]",7,False,46.5,21.319444444444443,5.0
map3,21004,C,Selective,3,3,35,169,"[169, 170, 171, 172, 173, 174, 175]",7,False,21.833333333333336,33.65277777777778,5.0
map3,21004,C,Selective,4,4,22,444,"[444, 445, 446, 447, 448, 449, 450]",7,False,34.166666666666664,-2.319444444444443,5.0
map3,21004,C,Selective,5,5,8,0,"[0, 1, 2, 3, 4, 5, 6]",7,False,-2.833333333333332,-2.319444444444443,5.0
map3,21005,A,Original,1,1,15,148,"[148, 149, 150, 151, 152, 153, 154]",7,False,21.833333333333336,58.0625,5.0
map3,21005,A,Original,2,2,26,362,"[362, 363, 364, 365, 366, 367, 368]",7,False,46.5,21.319444444444443,5.0
map3,21005,A,Original,3,3,35,194,"[194, 195, 196, 197, 198, 199, 200]",7,False,21.833333333333336,33.65277777777778,5.0
map3,21005,A,Original,4,4,22,435,"[435, 436, 437, 438, 439, 440, 441]",7,False,34.166666666666664,-2.319444444444443,5.0
map3,21005,A,Original,5,5,8,0,"[0, 1, 2, 3, 4, 5, 6]",7,False,-2.833333333333332,-2.319444444444443,5.0
map3,21005,B,Always-Trace,1,1,15,160,"[160, 161, 162, 163, 164, 165, 166]",7,False,21.833333333333336,58.0625,5.0
map3,21005,B,Always-Trace,2,2,26,497,"[497, 498, 499, 500, 501, 502, 503]",7,False,46.5,21.319444444444443,5.0
map3,21005,B,Always-Trace,3,3,35,207,"[207, 208, 209, 210, 211, 212, 213]",7,False,21.833333333333336,33.65277777777778,5.0
map3,21005,B,Always-Trace,4,4,22,581,"[581, 582, 583, 584, 585, 586, 587]",7,False,34.166666666666664,-2.319444444444443,5.0
map3,21005,B,Always-Trace,5,5,8,0,"[0, 1, 2, 3, 4, 5, 6]",7,False,-2.833333333333332,-2.319444444444443,5.0
map3,21005,C,Selective,1,1,15,174,"[174, 175, 176, 177, 178, 179, 180]",7,False,21.833333333333336,58.0625,5.0
map3,21005,C,Selective,2,2,26,406,"[406, 407, 408, 409, 410, 411, 412]",7,False,46.5,21.319444444444443,5.0
map3,21005,C,Selective,3,3,35,223,"[223, 224, 225, 226, 227, 228, 229]",7,False,21.833333333333336,33.65277777777778,5.0
map3,21005,C,Selective,4,4,22,458,"[458, 459, 460, 461, 462, 463, 464]",7,False,34.166666666666664,-2.319444444444443,5.0
map3,21005,C,Selective,5,5,8,0,"[0, 1, 2, 3, 4, 5, 6]",7,False,-2.833333333333332,-2.319444444444443,5.0
