map,seed,condition,method,loop_id,vertex,target_x,target_y,radius_m,local_boundary_f1,local_boundary_status,local_boundary_precision,local_boundary_recall,local_symmetric_boundary_distance_mean_m,local_symmetric_boundary_distance_median_m,local_symmetric_boundary_distance_p95_m,local_distance_status,local_observed_coverage,local_domain_cells,local_gt_boundary_cells
map3,21001,A,Original,1,15,21.833333333333336,58.0625,5.0,0.0,NO_ESTIMATED_BOUNDARY,0.0,0.0,,,,ONE_EMPTY_DISTANCE_UNDEFINED,1.0,7827,7
map3,21001,A,Original,2,11,10.527777777777779,33.65277777777778,5.0,,NOT_APPLICABLE_NO_GT_BOUNDARY,,,,,,NOT_APPLICABLE_NO_GT_BOUNDARY,1.0,7847,0
map3,21001,A,Original,3,8,-2.833333333333332,-2.319444444444443,5.0,0.041666666666666664,AVAILABLE,0.03571428571428571,0.05,1.9620203174959068,1.95524865872714,3.1584691396078814,AVAILABLE,0.9944651821341228,7769,80
map3,21001,A,Original,4,26,46.5,21.319444444444443,5.0,0.0,ESTIMATED_BOUNDARY_WITHOUT_GT,0.0,0.0,,,,NOT_APPLICABLE_NO_GT_BOUNDARY,1.0,7856,0
map3,21001,B,Always-Trace,1,15,21.833333333333336,58.0625,5.0,1.0,AVAILABLE,1.0,1.0,0.0,0.0,0.0,AVAILABLE,1.0,7827,7
map3,21001,B,Always-Trace,2,11,10.527777777777779,33.65277777777778,5.0,,NOT_APPLICABLE_NO_GT_BOUNDARY,,,,,,NOT_APPLICABLE_NO_GT_BOUNDARY,1.0,7847,0
map3,21001,B,Always-Trace,3,8,-2.833333333333332,-2.319444444444443,5.0,0.23140495867768596,AVAILABLE,0.20689655172413793,0.2625,0.7570496895472126,0.9500000000000001,1.05,AVAILABLE,0.9967820826361179,7769,80
map3,21001,B,Always-Trace,4,26,46.5,21.319444444444443,5.0,,NOT_APPLICABLE_NO_GT_BOUNDARY,,,,,,NOT_APPLICABLE_NO_GT_BOUNDARY,1.0,7856,0
map3,21001,C,Selective,1,15,21.833333333333336,58.0625,5.0,1.0,AVAILABLE,1.0,1.0,0.0,0.0,0.0,AVAILABLE,1.0,7827,7
map3,21001,C,Selective,2,11,10.527777777777779,33.65277777777778,5.0,,NOT_APPLICABLE_NO_GT_BOUNDARY,,,,,,NOT_APPLICABLE_NO_GT_BOUNDARY,1.0,7847,0
map3,21001,C,Selective,3,8,-2.833333333333332,-2.319444444444443,5.0,0.3571014492753623,AVAILABLE,0.509090909090909,0.275,0.43478984338895355,0.4,0.6047426084900074,AVAILABLE,0.9921482816321276,7769,80
map3,21001,C,Selective,4,26,46.5,21.319444444444443,5.0,,NOT_APPLICABLE_NO_GT_BOUNDARY,,,,,,NOT_APPLICABLE_NO_GT_BOUNDARY,1.0,7856,0
map3,21002,A,Original,1,8,-2.833333333333332,-2.319444444444443,5.0,1.0,AVAILABLE,1.0,1.0,0.0,0.0,0.0,AVAILABLE,0.9648603423864075,7769,80
map3,21002,A,Original,2,38,34.166666666666664,21.319444444444443,5.0,,NOT_APPLICABLE_NO_GT_BOUNDARY,,,,,,NOT_APPLICABLE_NO_GT_BOUNDARY,1.0,7859,0
map3,21002,A,Original,3,16,21.833333333333336,45.986111111111114,5.0,,NOT_APPLICABLE_NO_GT_BOUNDARY,,,,,,NOT_APPLICABLE_NO_GT_BOUNDARY,1.0,7856,0
map3,21002,B,Always-Trace,1,8,-2.833333333333332,-2.319444444444443,5.0,0.0,AVAILABLE,0.0,0.0,0.9296258583420758,0.6000000000000001,1.950151376274083,AVAILABLE,0.9921482816321276,7769,80
map3,21002,B,Always-Trace,2,38,34.166666666666664,21.319444444444443,5.0,,NOT_APPLICABLE_NO_GT_BOUNDARY,,,,,,NOT_APPLICABLE_NO_GT_BOUNDARY,1.0,7859,0
map3,21002,B,Always-Trace,3,16,21.833333333333336,45.986111111111114,5.0,,NOT_APPLICABLE_NO_GT_BOUNDARY,,,,,,NOT_APPLICABLE_NO_GT_BOUNDARY,1.0,7856,0
map3,21002,C,Selective,1,8,-2.833333333333332,-2.319444444444443,5.0,0.0,AVAILABLE,0.0,0.0,1.2043485667547118,1.2000000000000002,1.4500000000000002,AVAILABLE,0.9944651821341228,7769,80
map3,21002,C,Selective,2,38,34.166666666666664,21.319444444444443,5.0,,NOT_APPLICABLE_NO_GT_BOUNDARY,,,,,,NOT_APPLICABLE_NO_GT_BOUNDARY,1.0,7859,0
map3,21002,C,Selective,3,16,21.833333333333336,45.986111111111114,5.0,,NOT_APPLICABLE_NO_GT_BOUNDARY,,,,,,NOT_APPLICABLE_NO_GT_BOUNDARY,1.0,7856,0
map3,21003,A,Original,1,15,21.833333333333336,58.0625,5.0,1.0,AVAILABLE,1.0,1.0,0.021428571428571432,0.0,0.08499999999999996,AVAILABLE,0.9997444742557813,7827,7
map3,21003,A,Original,2,37,34.166666666666664,33.65277777777778,5.0,,NOT_APPLICABLE_NO_GT_BOUNDARY,,,,,,NOT_APPLICABLE_NO_GT_BOUNDARY,1.0,7847,0
map3,21003,A,Original,3,8,-2.833333333333332,-2.319444444444443,5.0,0.3469557964970809,AVAILABLE,0.37209302325581395,0.325,0.4243797889117217,0.6000000000000001,0.6047426084900074,AVAILABLE,0.9976830994980049,7769,80
map3,21003,A,Original,4,21,34.166666666666664,8.98611111111111,5.0,,NOT_APPLICABLE_NO_GT_BOUNDARY,,,,,,NOT_APPLICABLE_NO_GT_BOUNDARY,1.0,7856,0
map3,21003,B,Always-Trace,1,15,21.833333333333336,58.0625,5.0,0.0,NO_ESTIMATED_BOUNDARY,0.0,0.0,,,,ONE_EMPTY_DISTANCE_UNDEFINED,1.0,7827,7
map3,21003,B,Always-Trace,2,37,34.166666666666664,33.65277777777778,5.0,,NOT_APPLICABLE_NO_GT_BOUNDARY,,,,,,NOT_APPLICABLE_NO_GT_BOUNDARY,1.0,7847,0
map3,21003,B,Always-Trace,3,8,-2.833333333333332,-2.319444444444443,5.0,0.03529411764705883,AVAILABLE,0.02727272727272727,0.05,1.7397130794740758,1.9,2.2901596573018796,AVAILABLE,0.9944651821341228,7769,80
map3,21003,B,Always-Trace,4,21,34.166666666666664,8.98611111111111,5.0,,NOT_APPLICABLE_NO_GT_BOUNDARY,,,,,,NOT_APPLICABLE_NO_GT_BOUNDARY,1.0,7856,0
map3,21003,C,Selective,1,15,21.833333333333336,58.0625,5.0,0.0,NO_ESTIMATED_BOUNDARY,0.0,0.0,,,,ONE_EMPTY_DISTANCE_UNDEFINED,1.0,7827,7
map3,21003,C,Selective,2,37,34.166666666666664,33.65277777777778,5.0,,NOT_APPLICABLE_NO_GT_BOUNDARY,,,,,,NOT_APPLICABLE_NO_GT_BOUNDARY,1.0,7847,0
map3,21003,C,Selective,3,8,-2.833333333333332,-2.319444444444443,5.0,0.09708737864077671,AVAILABLE,0.09433962264150944,0.1,0.3494875105533627,0.30000000000000004,0.55,AVAILABLE,0.9857124469043635,7769,80
map3,21003,C,Selective,4,21,34.166666666666664,8.98611111111111,5.0,,NOT_APPLICABLE_NO_GT_BOUNDARY,,,,,,NOT_APPLICABLE_NO_GT_BOUNDARY,1.0,7856,0
map3,21004,A,Original,1,15,21.833333333333336,58.0625,5.0,0.0,AVAILABLE,0.0,0.0,0.9,0.9,0.99,AVAILABLE,1.0,7827,7
map3,21004,A,Original,2,26,46.5,21.319444444444443,5.0,0.0,ESTIMATED_BOUNDARY_WITHOUT_GT,0.0,0.0,,,,NOT_APPLICABLE_NO_GT_BOUNDARY,1.0,7856,0
map3,21004,A,Original,3,35,21.833333333333336,33.65277777777778,5.0,,NOT_APPLICABLE_NO_GT_BOUNDARY,,,,,,NOT_APPLICABLE_NO_GT_BOUNDARY,1.0,7847,0
map3,21004,A,Original,4,22,34.166666666666664,-2.319444444444443,5.0,0.0,AVAILABLE,0.0,0.0,1.27768248591384,1.2000000000000002,1.9500000000000002,AVAILABLE,0.9335548172757475,7826,26
map3,21004,A,Original,5,8,-2.833333333333332,-2.319444444444443,5.0,0.5134493670886076,AVAILABLE,0.4097222222222222,0.6875,0.846705591387859,0.7250000000000001,2.628324187458337,AVAILABLE,0.9670485261938473,7769,80
map3,21004,B,Always-Trace,1,15,21.833333333333336,58.0625,5.0,1.0,AVAILABLE,1.0,1.0,0.0071428571428571435,0.0,0.03499999999999997,AVAILABLE,0.9998722371278906,7827,7
map3,21004,B,Always-Trace,2,26,46.5,21.319444444444443,5.0,,NOT_APPLICABLE_NO_GT_BOUNDARY,,,,,,NOT_APPLICABLE_NO_GT_BOUNDARY,1.0,7856,0
map3,21004,B,Always-Trace,3,35,21.833333333333336,33.65277777777778,5.0,,NOT_APPLICABLE_NO_GT_BOUNDARY,,,,,,NOT_APPLICABLE_NO_GT_BOUNDARY,1.0,7847,0
map3,21004,B,Always-Trace,4,22,34.166666666666664,-2.319444444444443,5.0,0.0,NO_ESTIMATED_BOUNDARY,0.0,0.0,,,,ONE_EMPTY_DISTANCE_UNDEFINED,1.0,7826,26
map3,21004,B,Always-Trace,5,8,-2.833333333333332,-2.319444444444443,5.0,0.620459599703484,AVAILABLE,0.5740740740740741,0.675,0.27384886716489787,0.05,0.75,AVAILABLE,0.9720684772815034,7769,80
map3,21004,C,Selective,1,15,21.833333333333336,58.0625,5.0,0.0,NO_ESTIMATED_BOUNDARY,0.0,0.0,,,,ONE_EMPTY_DISTANCE_UNDEFINED,1.0,7827,7
map3,21004,C,Selective,2,26,46.5,21.319444444444443,5.0,,NOT_APPLICABLE_NO_GT_BOUNDARY,,,,,,NOT_APPLICABLE_NO_GT_BOUNDARY,1.0,7856,0
map3,21004,C,Selective,3,35,21.833333333333336,33.65277777777778,5.0,,NOT_APPLICABLE_NO_GT_BOUNDARY,,,,,,NOT_APPLICABLE_NO_GT_BOUNDARY,1.0,7847,0
map3,21004,C,Selective,4,22,34.166666666666664,-2.319444444444443,5.0,0.0,NO_ESTIMATED_BOUNDARY,0.0,0.0,,,,ONE_EMPTY_DISTANCE_UNDEFINED,1.0,7826,26
map3,21004,C,Selective,5,8,-2.833333333333332,-2.319444444444443,5.0,0.8059701492537313,AVAILABLE,1.0,0.675,0.24006404740299553,0.15000000000000002,0.5,AVAILABLE,0.9770884283691594,7769,80
map3,21005,A,Original,1,15,21.833333333333336,58.0625,5.0,0.0,NO_ESTIMATED_BOUNDARY,0.0,0.0,,,,ONE_EMPTY_DISTANCE_UNDEFINED,1.0,7827,7
map3,21005,A,Original,2,26,46.5,21.319444444444443,5.0,0.0,ESTIMATED_BOUNDARY_WITHOUT_GT,0.0,0.0,,,,NOT_APPLICABLE_NO_GT_BOUNDARY,1.0,7856,0
map3,21005,A,Original,3,35,21.833333333333336,33.65277777777778,5.0,,NOT_APPLICABLE_NO_GT_BOUNDARY,,,,,,NOT_APPLICABLE_NO_GT_BOUNDARY,1.0,7847,0
map3,21005,A,Original,4,22,34.166666666666664,-2.319444444444443,5.0,0.0,AVAILABLE,0.0,0.0,0.684213821697635,0.6601829462658746,0.7872068913829173,AVAILABLE,0.9666496294403271,7826,26
map3,21005,A,Original,5,8,-2.833333333333332,-2.319444444444443,5.0,0.6837606837606837,AVAILABLE,0.5194805194805194,1.0,0.17727272727272725,0.0,0.4,AVAILABLE,0.9648603423864075,7769,80
map3,21005,B,Always-Trace,1,15,21.833333333333336,58.0625,5.0,0.0,NO_ESTIMATED_BOUNDARY,0.0,0.0,,,,ONE_EMPTY_DISTANCE_UNDEFINED,1.0,7827,7
map3,21005,B,Always-Trace,2,26,46.5,21.319444444444443,5.0,,NOT_APPLICABLE_NO_GT_BOUNDARY,,,,,,NOT_APPLICABLE_NO_GT_BOUNDARY,1.0,7856,0
map3,21005,B,Always-Trace,3,35,21.833333333333336,33.65277777777778,5.0,,NOT_APPLICABLE_NO_GT_BOUNDARY,,,,,,NOT_APPLICABLE_NO_GT_BOUNDARY,1.0,7847,0
map3,21005,B,Always-Trace,4,22,34.166666666666664,-2.319444444444443,5.0,0.45508982035928147,AVAILABLE,0.29457364341085274,1.0,0.42180460248634716,0.35,0.8049774456642925,AVAILABLE,0.9945054945054945,7826,26
map3,21005,B,Always-Trace,5,8,-2.833333333333332,-2.319444444444443,5.0,0.025316455696202535,AVAILABLE,0.01694915254237288,0.05,1.1031325166504937,1.175,1.25,AVAILABLE,0.9944651821341228,7769,80
map3,21005,C,Selective,1,15,21.833333333333336,58.0625,5.0,0.0,NO_ESTIMATED_BOUNDARY,0.0,0.0,,,,ONE_EMPTY_DISTANCE_UNDEFINED,1.0,7827,7
map3,21005,C,Selective,2,26,46.5,21.319444444444443,5.0,,NOT_APPLICABLE_NO_GT_BOUNDARY,,,,,,NOT_APPLICABLE_NO_GT_BOUNDARY,1.0,7856,0
map3,21005,C,Selective,3,35,21.833333333333336,33.65277777777778,5.0,,NOT_APPLICABLE_NO_GT_BOUNDARY,,,,,,NOT_APPLICABLE_NO_GT_BOUNDARY,1.0,7847,0
map3,21005,C,Selective,4,22,34.166666666666664,-2.319444444444443,5.0,0.0,AVAILABLE,0.0,0.0,0.7021760034291044,0.7020690632574556,0.8,AVAILABLE,0.9685663174035267,7826,26
map3,21005,C,Selective,5,8,-2.833333333333332,-2.319444444444443,5.0,0.7493495229835212,AVAILABLE,0.8421052631578947,0.675,0.5277854533900335,0.05,1.7431311738062103,AVAILABLE,0.9750289612562749,7769,80
